NEW PARAMETERS,Spread Factor: 8, BANDWIDTH: 3, CODING RATE: 1, POWER: 15
2020-03-29 22:13:24,1,+RCV=1,62,Hello my name is Andrew. This message is being sent on repeat.,-67,45
2020-03-29 22:13:54,2,+RCV=1,62,Hello my name is Andrew. This message is being sent on repeat.,-69,43
2020-03-29 22:14:24,3,+RCV=1,62,Hello my name is Andrew. This message is being sent on repeat.,-69,43
2020-03-29 22:14:54,4,+RCV=1,62,Hello my name is Andrew. This message is being sent on repeat.,-70,47
2020-03-29 22:15:24,5,+RCV=1,62,Hello my name is Andrew. This message is being sent on repeat.,-70,44
2020-03-29 22:15:54,6,+RCV=1,62,Hello my name is Andrew. This message is being sent on repeat.,-70,45
2020-03-29 22:15:57,7,+RCV=3,62,Hello my name is Andrew. This message is being sent on repeat.,-64,43
2020-03-29 22:16:24,8,+RCV=1,62,Hello my name is Andrew. This message is being sent on repeat.,-69,41
2020-03-29 22:16:54,9,+RCV=1,62,Hello my name is Andrew. This message is being sent on repeat.,-70,48
2020-03-29 22:17:24,10,+RCV=1,62,Hello my name is Andrew. This message is being sent on repeat.,-69,43
2020-03-29 22:17:54,11,+RCV=1,62,Hello my name is Andrew. This message is being sent on repeat.,-70,42
2020-03-29 22:17:57,12,+RCV=3,62,Hello my name is Andrew. This message is being sent on repeat.,-66,45
2020-03-29 22:18:27,13,+RCV=3,62,Hello my name is Andrew. This message is being sent on repeat.,-65,44
2020-03-29 22:18:54,14,+RCV=1,62,Hello my name is Andrew. This message is being sent on repeat.,-70,47
2020-03-29 22:18:57,15,+RCV=3,62,Hello my name is Andrew. This message is being sent on repeat.,-64,39
2020-03-29 22:19:24,16,+RCV=1,62,Hello my name is Andrew. This message is being sent on repeat.,-70,45
2020-03-29 22:19:27,17,+RCV=3,62,Hello my name is Andrew. This message is being sent on repeat.,-64,39
2020-03-29 22:19:54,18,+RCV=1,62,Hello my name is Andrew. This message is being sent on repeat.,-70,45
2020-03-29 22:20:24,19,+RCV=1,62,Hello my name is Andrew. This message is being sent on repeat.,-71,46
2020-03-29 22:20:27,20,+RCV=3,62,Hello my name is Andrew. This message is being sent on repeat.,-65,43
2020-03-29 22:20:54,21,+RCV=1,62,Hello my name is Andrew. This message is being sent on repeat.,-72,46
2020-03-29 22:20:57,22,+RCV=3,62,Hello my name is Andrew. This message is being sent on repeat.,-65,44
2020-03-29 22:21:24,23,+RCV=1,62,Hello my name is Andrew. This message is being sent on repeat.,-71,47
2020-03-29 22:21:27,24,+RCV=3,62,Hello my name is Andrew. This message is being sent on repeat.,-64,41
2020-03-29 22:21:54,25,+RCV=1,62,Hello my name is Andrew. This message is being sent on repeat.,-70,47
2020-03-29 22:21:57,26,+RCV=3,62,Hello my name is Andrew. This message is being sent on repeat.,-64,37
2020-03-29 22:22:54,27,+RCV=1,62,Hello my name is Andrew. This message is being sent on repeat.,-70,47
2020-03-29 22:22:57,28,+RCV=3,62,Hello my name is Andrew. This message is being sent on repeat.,-64,43
2020-03-29 22:23:22,29,NEW PARAMETERS,Spread Factor: 10, BANDWIDTH: 3, CODING RATE: 1, POWER: 15
2020-03-29 22:23:45,1,+ERR=12
2020-03-29 22:24:15,2,+RCV=1,62,Hello my name is Andrew. This messageis being sent ?b re oat.,-71,15
2020-03-29 22:24:45,3,+ERR=12
2020-03-29 22:25:15,4,+RCV=1,62,Hello my name is Andrew. This message is being sånt oh rep¥at.,-71,18
2020-03-29 22:25:45,5,+ERR=12
2020-03-29 22:26:15,6,+RCV=1,62,Hello my name is Andrew. This message is being sånt oh rep¯at.,-70,16
2020-03-29 22:26:45,7,+ERR=12
2020-03-29 22:27:15,8,+RCV=1,62,Hello my name is Andrew. This mesage is being sånt oh rep¯at.,-71,22
2020-03-29 22:27:45,9,+ERR=12
2020-03-29 22:28:15,10,+RCV=1,62,Hello my name is Andrew. This messageis being sånt od re eat.,-69,17
2020-03-29 22:28:45,11,+ERR=12
2020-03-29 22:29:15,12,+RCV=1,62,Hello my name is Andrew. This message is being sånt oh rep¥at.,-70,18
2020-03-29 22:29:45,13,+ERR=12
2020-03-29 22:30:45,14,+RCV=1,62,Hello my name is Andrew. This message is being sent oh rep¯at.,-70,16
2020-03-29 22:31:15,15,+ERR=12
2020-03-29 22:31:45,16,+RCV=1,62,Hello my name is Andrew. This mesage is being sent oh rep¥at.,-70,18
2020-03-29 22:32:15,17,+ERR=12
2020-03-29 22:32:45,18,+RCV=1,62,Hello my name is Andrew" Thió mesage is bfeng Cént oè rep/at.,-70,37
2020-03-29 22:33:15,19,+ERR=12
2020-03-29 22:33:41,20,NEW PARAMETERS,Spread Factor: 12, BANDWIDTH: 3, CODING RATE: 1, POWER: 15
2020-03-29 22:34:18,1,+RCV=1,62,Hello my name is Andrew. This message is being sent on repeat.,-70,43
2020-03-29 22:34:48,2,+RCV=1,62,Hello my name is Andrew. This message is being sent on repeat.,-69,43
2020-03-29 22:35:18,3,+RCV=1,62,Hello my name is Andrew. This message is being sent on repeat.,-70,42
2020-03-29 22:35:48,4,+RCV=1,62,Hello my name is Andrew. This message is being sent on repeat.,-70,51
2020-03-29 22:36:18,5,+RCV=1,62,Hello my name is Andrew. This message is being sent on repeat.,-70,45
2020-03-29 22:36:48,6,+RCV=1,62,Hello my name is Andrew. This message is being sent on repeat.,-69,40
2020-03-29 22:37:48,7,+RCV=1,62,Hello my name is Andrew. This message is being sent on repeat.,-71,34
2020-03-29 22:38:48,8,+RCV=1,62,Hello my name is Andrew. This message is being sent on repeat.,-71,54
2020-03-29 22:39:18,9,+RCV=1,62,Hello my name is Andrew. This message is being sent on repeat.,-70,45
2020-03-29 22:39:48,10,+RCV=1,62,Hello my name is Andrew. This message is being sent on repeat.,-70,52
2020-03-29 22:40:18,11,+RCV=1,62,Hello my name is Andrew. This message is being sent on repeat.,-71,46
2020-03-29 22:41:18,12,+RCV=1,62,Hello my name is Andrew. This message is being sent on repeat.,-70,49
2020-03-29 22:41:48,13,+RCV=1,62,Hello my name is Andrew. This message is being sent on repeat.,-71,48
2020-03-29 22:42:18,14,+RCV=1,62,Hello my name is Andrew. This message is being sent on repeat.,-70,49
2020-03-29 22:42:48,15,+RCV=1,62,Hello my name is Andrew. This message is being sent on repeat.,-70,38
2020-03-29 22:43:18,16,+ERR=12
2020-03-29 22:43:48,17,+RCV=1,62,Hello my name is Andrew. This message is being sent on repeat.,-70,35
2020-03-29 22:44:01,18,NEW PARAMETERS,Spread Factor: 8, BANDWIDTH: 5, CODING RATE: 1, POWER: 15
2020-03-29 22:44:21,1,+RCV=1,62,Hello my name is Andrew. This message is being sent on repeat.,-68,46
2020-03-29 22:44:51,2,+RCV=1,62,Hello my name is Andrew. This message is being sent on repeat.,-69,46
2020-03-29 22:45:21,3,+RCV=1,62,Hello my name is Andrew. This message is being sent on repeat.,-67,47
2020-03-29 22:45:51,4,+RCV=1,62,Hello my name is Andrew. This message is being sent on repeat.,-68,49
2020-03-29 22:46:21,5,+RCV=1,62,Hello my name is Andrew. This message is being sent on repeat.,-68,46
2020-03-29 22:46:51,6,+RCV=1,62,Hello my name is Andrew. This message is being sent on repeat.,-68,46
2020-03-29 22:47:21,7,+RCV=1,62,Hello my name is Andrew. This message is being sent on repeat.,-69,48
2020-03-29 22:47:24,8,+RCV=3,62,Hello my name is Andrew. This message is being sent on repeat.,-64,42
2020-03-29 22:47:51,9,+RCV=1,62,Hello my name is Andrew. This message is being sent on repeat.,-70,47
2020-03-29 22:47:54,10,+RCV=3,62,Hello my name is Andrew. This message is being sent on repeat.,-63,48
2020-03-29 22:48:22,11,+RCV=1,62,Hello my name is Andrew. This message is being sent on repeat.,-69,46
2020-03-29 22:48:52,12,+RCV=1,62,Hello my name is Andrew. This message is being sent on repeat.,-86,42
2020-03-29 22:49:22,13,+RCV=1,62,Hello my name is Andrew. This message is being sent on repeat.,-68,46
2020-03-29 22:49:24,14,+RCV=3,62,Hello my name is Andrew. This message is being sent on repeat.,-63,45
2020-03-29 22:49:54,15,+RCV=3,62,Hello my name is Andrew. This message is being sent on repeat.,-63,48
2020-03-29 22:50:22,16,+RCV=1,62,Hello my name is Andrew. This message is being sent on repeat.,-70,47
2020-03-29 22:50:52,17,+RCV=1,62,Hello my name is Andrew. This message is being sent on repeat.,-67,48
2020-03-29 22:51:22,18,+RCV=1,62,Hello my name is Andrew. This message is being sent on repeat.,-68,45
2020-03-29 22:51:52,19,+RCV=1,62,Hello my name is Andrew. This message is being sent on repeat.,-67,48
2020-03-29 22:52:22,20,+RCV=1,62,Hello my name is Andrew. This message is being sent on repeat.,-67,48
2020-03-29 22:53:22,21,+RCV=1,62,Hello my name is Andrew. This message is being sent on repeat.,-65,47
2020-03-29 22:53:52,22,+RCV=1,62,Hello my name is Andrew. This message is being sent on repeat.,-65,48
2020-03-29 22:54:22,23,NEW PARAMETERS,Spread Factor: 10, BANDWIDTH: 5, CODING RATE: 1, POWER: 15
2020-03-29 22:54:43,1,+RCV=1,62,Hello my name is Andrew. This message is being sent on repeat.,-66,36
2020-03-29 22:55:13,2,+RCV=1,62,Hello my name is Andrew. This message is being sent on repeat.,-64,38
2020-03-29 22:55:43,3,+RCV=1,62,Hello my name is Andrew. This message is being sent on repeat.,-65,42
2020-03-29 22:56:13,4,+RCV=1,62,Hello my name is Andrew. This message is being sent on repeat.,-63,38
2020-03-29 22:56:43,5,+RCV=1,62,Hello my name is Andrew. This message is being sent on repeat.,-64,42
2020-03-29 22:57:13,6,+RCV=1,62,Hello my name is Andrew. This message is being sent on repeat.,-66,40
2020-03-29 22:57:43,7,+RCV=1,62,Hello my name is Andrew. This message is being sent on repeat.,-65,40
2020-03-29 22:58:13,8,+RCV=1,62,Hello my name is Andrew. This message is being sent on repeat.,-68,34
2020-03-29 22:58:43,9,+RCV=1,62,Hello my name is Andrew. This message is being sent on repeat.,-66,39
2020-03-29 22:59:13,10,+RCV=1,62,Hello my name is Andrew. This message is being sent on repeat.,-67,34
2020-03-29 22:59:43,11,+RCV=1,62,Hello my name is Andrew. This message is being sent on repeat.,-66,42
2020-03-29 23:00:13,12,+RCV=1,62,Hello my name is Andrew. This message is being sent on repeat.,-65,38
2020-03-29 23:00:43,13,+RCV=1,62,Hello my name is Andrew. This message is being sent on repeat.,-66,39
2020-03-29 23:01:13,14,+RCV=1,62,Hello my name is Andrew. This message is being sent on repeat.,-65,40
2020-03-29 23:01:43,15,+RCV=1,62,Hello my name is Andrew. This message is being sent on repeat.,-67,38
2020-03-29 23:02:13,16,+RCV=1,62,Hello my name is Andrew. This message is being sent on repeat.,-67,35
2020-03-29 23:02:43,17,+RCV=1,62,Hello my name is Andrew. This message is being sent on repeat.,-66,34
2020-03-29 23:03:13,18,+RCV=1,62,Hello my name is Andrew. This message is being sent on repeat.,-69,39
2020-03-29 23:03:43,19,+RCV=1,62,Hello my name is Andrew. This message is being sent on repeat.,-72,37
2020-03-29 23:04:13,20,+RCV=1,62,Hello my name is Andrew. This message is being sent on repeat.,-67,34
2020-03-29 23:04:41,21,NEW PARAMETERS,Spread Factor: 12, BANDWIDTH: 5, CODING RATE: 1, POWER: 15
2020-03-29 23:05:09,1,+RCV=1,62,Hello my name is Andrew. This message is being sent on repeat.,-78,39
2020-03-29 23:05:39,2,+RCV=1,62,Hello my name is Andrew. This message is being sent on repeat.,-66,33
2020-03-29 23:06:09,3,+RCV=1,62,Hello my name is Andrew. This message is being sent on repeat.,-69,38
2020-03-29 23:06:39,4,+RCV=1,62,Hello my name is Andrew. This message is being sent on repeat.,-69,36
2020-03-29 23:07:09,5,+RCV=1,62,Hello my name is Andrew. This message is being sent on repeat.,-71,35
2020-03-29 23:07:39,6,+RCV=1,62,Hello my name is Andrew. This message is being sent on repeat.,-70,41
2020-03-29 23:08:09,7,+RCV=1,62,Hello my name is Andrew. This message is being sent on repeat.,-69,43
2020-03-29 23:08:39,8,+RCV=1,62,Hello my name is Andrew. This message is being sent on repeat.,-72,49
2020-03-29 23:09:09,9,+RCV=1,62,Hello my name is Andrew. This message is being sent on repeat.,-69,55
2020-03-29 23:09:39,10,+RCV=1,62,Hello my name is Andrew. This message is being sent on repeat.,-71,36
2020-03-29 23:10:09,11,+RCV=1,62,Hello my name is Andrew. This message is being sent on repeat.,-76,48
2020-03-29 23:10:39,12,+RCV=1,62,Hello my name is Andrew. This message is being sent on repeat.,-85,37
2020-03-29 23:11:09,13,+RCV=1,62,Hello my name is Andrew. This message is being sent on repeat.,-86,38
2020-03-29 23:11:40,14,+RCV=1,62,Hello my name is Andrew. This message is being sent on repeat.,-77,47
2020-03-29 23:12:10,15,+RCV=1,62,Hello my name is Andrew. This message is being sent on repeat.,-72,47
2020-03-29 23:12:40,16,+RCV=1,62,Hello my name is Andrew. This message is being sent on repeat.,-79,43
2020-03-29 23:13:10,17,+RCV=1,62,Hello my name is Andrew. This message is being sent on repeat.,-74,43
2020-03-29 23:13:40,18,+RCV=1,62,Hello my name is Andrew. This message is being sent on repeat.,-74,48
2020-03-29 23:14:10,19,+RCV=1,62,Hello my name is Andrew. This message is being sent on repeat.,-74,42
2020-03-29 23:14:40,20,+RCV=1,62,Hello my name is Andrew. This message is being sent on repeat.,-71,33
2020-03-29 23:15:02,21,NEW PARAMETERS,Spread Factor: 8, BANDWIDTH: 7, CODING RATE: 1, POWER: 15
2020-03-29 23:15:21,1,+RCV=1,62,Hello my name is Andrew. This message is being sent on repeat.,-74,49
2020-03-29 23:15:51,2,+RCV=1,62,Hello my name is Andrew. This message is being sent on repeat.,-74,48
2020-03-29 23:16:21,3,+RCV=1,62,Hello my name is Andrew. This message is being sent on repeat.,-70,49
2020-03-29 23:16:51,4,+RCV=1,62,Hello my name is Andrew. This message is being sent on repeat.,-67,48
2020-03-29 23:17:51,5,+RCV=1,62,Hello my name is Andrew. This message is being sent on repeat.,-65,46
2020-03-29 23:18:21,6,+RCV=1,62,Hello my name is Andrew. This message is being sent on repeat.,-65,44
2020-03-29 23:18:51,7,+RCV=1,62,Hello my name is Andrew. This message is being sent on repeat.,-64,48
2020-03-29 23:18:54,8,+RCV=3,62,Hello my name is Andrew. This message is being sent on repeat.,-61,47
2020-03-29 23:19:21,9,+RCV=1,62,Hello my name is Andrew. This message is being sent on repeat.,-67,49
2020-03-29 23:19:51,10,+RCV=1,62,Hello my name is Andrew. This message is being sent on repeat.,-67,48
2020-03-29 23:19:54,11,+RCV=3,62,Hello my name is Andrew. This message is being sent on repeat.,-66,46
2020-03-29 23:20:21,12,+RCV=1,62,Hello my name is Andrew. This message is being sent on repeat.,-66,49
2020-03-29 23:20:51,13,+RCV=1,62,Hello my name is Andrew. This message is being sent on repeat.,-64,46
2020-03-29 23:20:54,14,+RCV=3,62,Hello my name is Andrew. This message is being sent on repeat.,-75,48
2020-03-29 23:21:21,15,+RCV=1,62,Hello my name is Andrew. This message is being sent on repeat.,-69,49
2020-03-29 23:21:51,16,+RCV=1,62,Hello my name is Andrew. This message is being sent on repeat.,-67,49
2020-03-29 23:22:21,17,+RCV=1,62,Hello my name is Andrew. This message is being sent on repeat.,-67,49
2020-03-29 23:22:51,18,+RCV=1,62,Hello my name is Andrew. This message is being sent on repeat.,-66,41
2020-03-29 23:23:21,19,+RCV=1,62,Hello my name is Andrew. This message is being sent on repeat.,-69,48
2020-03-29 23:23:51,20,+RCV=1,62,Hello my name is Andrew. This message is being sent on repeat.,-71,49
2020-03-29 23:24:21,21,+RCV=1,62,Hello my name is Andrew. This message is being sent on repeat.,-68,47
2020-03-29 23:24:51,22,+RCV=1,62,Hello my name is Andrew. This message is being sent on repeat.,-68,49
2020-03-29 23:25:21,23,NEW PARAMETERS,Spread Factor: 10, BANDWIDTH: 7, CODING RATE: 1, POWER: 15
2020-03-29 23:25:42,1,+RCV=1,62,Hello my name is Andrew. This message is being sent on repeat.,-67,57
2020-03-29 23:26:12,2,+RCV=1,62,Hello my name is Andrew. This message is being sent on repeat.,-69,46
2020-03-29 23:26:42,3,+RCV=1,62,Hello my name is Andrew. This message is being sent on repeat.,-67,56
2020-03-29 23:27:12,4,+RCV=1,62,Hello my name is Andrew. This message is being sent on repeat.,-69,46
2020-03-29 23:27:42,5,+RCV=1,62,Hello my name is Andrew. This message is being sent on repeat.,-67,56
2020-03-29 23:28:12,6,+RCV=1,62,Hello my name is Andrew. This message is being sent on repeat.,-69,49
2020-03-29 23:29:12,7,+RCV=1,62,Hello my name is Andrew. This message is being sent on repeat.,-67,54
2020-03-29 23:29:42,8,+RCV=1,62,Hello my name is Andrew. This message is being sent on repeat.,-66,56
2020-03-29 23:30:12,9,+RCV=1,62,Hello my name is Andrew. This message is being sent on repeat.,-66,56
2020-03-29 23:31:12,10,+RCV=1,62,Hello my name is Andrew. This message is being sent on repeat.,-66,51
2020-03-29 23:31:42,11,+RCV=1,62,Hello my name is Andrew. This message is being sent on repeat.,-66,56
2020-03-29 23:32:12,12,+RCV=1,62,Hello my name is Andrew. This message is being sent on repeat.,-67,56
2020-03-29 23:32:42,13,+RCV=1,62,Hello my name is Andrew. This message is being sent on repeat.,-69,45
2020-03-29 23:33:12,14,+RCV=1,62,Hello my name is Andrew. This message is being sent on repeat.,-68,52
2020-03-29 23:34:12,15,+RCV=1,62,Hello my name is Andrew. This message is being sent on repeat.,-68,53
2020-03-29 23:34:42,16,+RCV=1,62,Hello my name is Andrew. This message is being sent on repeat.,-69,47
2020-03-29 23:35:12,17,+RCV=1,62,Hello my name is Andrew. This message is being sent on repeat.,-69,46
2020-03-29 23:35:41,18,NEW PARAMETERS,Spread Factor: 12, BANDWIDTH: 7, CODING RATE: 1, POWER: 15
2020-03-29 23:36:04,1,+RCV=1,62,Hello my name is Andrew. This message is being sent on repeat.,-69,38
2020-03-29 23:36:34,2,+RCV=1,62,Hello my name is Andrew. This message is being sent on repeat.,-68,40
2020-03-29 23:37:04,3,+RCV=1,62,Hello my name is Andrew. This message is being sent on repeat.,-68,36
2020-03-29 23:37:34,4,+RCV=1,62,Hello my name is Andrew. This message is being sent on repeat.,-69,37
2020-03-29 23:38:04,5,+RCV=1,62,Hello my name is Andrew. This message is being sent on repeat.,-69,37
2020-03-29 23:38:34,6,+RCV=1,62,Hello my name is Andrew. This message is being sent on repeat.,-68,37
2020-03-29 23:39:04,7,+RCV=1,62,Hello my name is Andrew. This message is being sent on repeat.,-66,36
2020-03-29 23:39:34,8,+RCV=1,62,Hello my name is Andrew. This message is being sent on repeat.,-69,37
2020-03-29 23:40:04,9,+RCV=1,62,Hello my name is Andrew. This message is being sent on repeat.,-68,37
2020-03-29 23:40:34,10,+RCV=1,62,Hello my name is Andrew. This message is being sent on repeat.,-65,42
2020-03-29 23:41:04,11,+RCV=1,62,Hello my name is Andrew. This message is being sent on repeat.,-71,38
2020-03-29 23:41:34,12,+RCV=1,62,Hello my name is Andrew. This message is being sent on repeat.,-71,36
2020-03-29 23:42:04,13,+RCV=1,62,Hello my name is Andrew. This message is being sent on repeat.,-69,36
2020-03-29 23:42:34,14,+RCV=1,62,Hello my name is Andrew. This message is being sent on repeat.,-69,41
2020-03-29 23:43:04,15,+RCV=1,62,Hello my name is Andrew. This message is being sent on repeat.,-69,41
2020-03-29 23:43:34,16,+RCV=1,62,Hello my name is Andrew. This message is being sent on repeat.,-69,37
2020-03-29 23:44:04,17,+RCV=1,62,Hello my name is Andrew. This message is being sent on repeat.,-69,37
2020-03-29 23:44:34,18,+RCV=1,62,Hello my name is Andrew. This message is being sent on repeat.,-70,37
2020-03-29 23:45:04,19,+RCV=1,62,Hello my name is Andrew. This message is being sent on repeat.,-69,36
2020-03-29 23:45:34,20,+RCV=1,62,Hello my name is Andrew. This message is being sent on repeat.,-68,34
2020-03-29 23:46:01,21,NEW PARAMETERS,Spread Factor: 8, BANDWIDTH: 9, CODING RATE: 1, POWER: 15
2020-03-29 23:56:22,1,NEW PARAMETERS,Spread Factor: 10, BANDWIDTH: 9, CODING RATE: 1, POWER: 15
2020-03-30 00:06:42,1,NEW PARAMETERS,Spread Factor: 12, BANDWIDTH: 9, CODING RATE: 1, POWER: 15
2020-03-30 00:17:02,1,NEW PARAMETERS,Spread Factor: 8, BANDWIDTH: 3, CODING RATE: 4, POWER: 15
2020-03-30 00:17:23,1,+RCV=1,62,Hello my name is Andrew. This message is being sent on repeat.,-74,44
2020-03-30 00:17:53,2,+RCV=1,62,Hello my name is Andrew. This message is being sent on repeat.,-74,42
2020-03-30 00:18:23,3,+RCV=1,62,Hello my name is Andrew. This message is being sent on repeat.,-74,43
2020-03-30 00:18:53,4,+RCV=1,62,Hello my name is Andrew. This message is being sent on repeat.,-74,47
2020-03-30 00:19:23,5,+RCV=1,62,Hello my name is Andrew. This message is being sent on repeat.,-72,45
2020-03-30 00:19:53,6,+RCV=1,62,Hello my name is Andrew. This message is being sent on repeat.,-72,45
2020-03-30 00:20:23,7,+RCV=1,62,Hello my name is Andrew. This message is being sent on repeat.,-72,46
2020-03-30 00:20:27,8,+RCV=3,62,Hello my name is Andrew. This message is being sent on repeat.,-69,41
2020-03-30 00:20:53,9,+RCV=1,62,Hello my name is Andrew. This message is being sent on repeat.,-72,47
2020-03-30 00:21:23,10,+RCV=1,62,Hello my name is Andrew. This message is being sent on repeat.,-72,44
2020-03-30 00:21:53,11,+RCV=1,62,Hello my name is Andrew. This message is being sent on repeat.,-74,45
2020-03-30 00:22:23,12,+RCV=1,62,Hello my name is Andrew. This message is being sent on repeat.,-72,47
2020-03-30 00:22:27,13,+RCV=3,62,Hello my name is Andrew. This message is being sent on repeat.,-68,42
2020-03-30 00:22:53,14,+RCV=1,62,Hello my name is Andrew. This message is being sent on repeat.,-72,48
2020-03-30 00:23:23,15,+RCV=1,62,Hello my name is Andrew. This message is being sent on repeat.,-75,40
2020-03-30 00:23:27,16,+RCV=3,62,Hello my name is Andrew. This message is being sent on repeat.,-68,41
2020-03-30 00:23:57,17,+RCV=3,62,Hello my name is Andrew. This message is being sent on repeat.,-69,42
2020-03-30 00:24:23,18,+RCV=1,62,Hello my name is Andrew. This message is being sent on repeat.,-75,47
2020-03-30 00:24:53,19,+RCV=1,62,Hello my name is Andrew. This message is being sent on repeat.,-70,46
2020-03-30 00:25:23,20,+RCV=1,62,Hello my name is Andrew. This message is being sent on repeat.,-71,47
2020-03-30 00:25:53,21,+RCV=1,62,Hello my name is Andrew. This message is being sent on repeat.,-78,47
2020-03-30 00:26:23,22,+RCV=1,62,Hello my name is Andrew. This message is being sent on repeat.,-76,45
2020-03-30 00:26:53,23,+RCV=1,62,Hello my name is Andrew. This message is being sent on repeat.,-74,45
2020-03-30 00:27:21,24,NEW PARAMETERS,Spread Factor: 10, BANDWIDTH: 3, CODING RATE: 4, POWER: 15
2020-03-30 00:27:47,1,+RCV=1,62,Hello my name is Andrew. This message is being sent on repeat.,-72,29
2020-03-30 00:28:17,2,+ERR=12
2020-03-30 00:28:47,3,+RCV=1,62,Hello my name is Andrew. This message is being sent o® rep¥a|.,-74,34
2020-03-30 00:29:17,4,+RCV=1,62,Hello my name is Andrew. This message is being sent on repeat.,-72,13
2020-03-30 00:29:47,5,+ERR=12
2020-03-30 00:30:17,6,+RCV=1,62,Hello my name is Andrew. This message is being sent on repeat.,-72,23
2020-03-30 00:30:47,7,+ERR=12
2020-03-30 00:31:17,8,+RCV=1,62,Hello my name is Andrew. This message is being sent on repeat.,-71,26
2020-03-30 00:31:47,9,+ERR=12
2020-03-30 00:32:17,10,+RCV=1,62,Hello my name is Andrew. This message is being sent on repeat.,-72,25
2020-03-30 00:32:47,11,+RCV=1,62,Hello my name is Andrew. This message is being sent on repeat.,-72,23
2020-03-30 00:33:17,12,+ERR=12
2020-03-30 00:33:47,13,+RCV=1,62,Hello my name is Andrew. This message is being sent on repeat.,-71,32
2020-03-30 00:34:17,14,+ERR=12
2020-03-30 00:34:47,15,+RCV=1,62,Hello my name is Andrew. This message is being sent on repeat.,-71,19
2020-03-30 00:35:17,16,+RCV=1,62,Hello my name is Andrew. This message is being sent on repeat.,-72,26
2020-03-30 00:35:47,17,+ERR=12
2020-03-30 00:36:17,18,+RCV=1,62,Hello my name is Andrew. This message is being sent on repeat.,-72,25
2020-03-30 00:36:47,19,+RCV=1,62,Hello my name is Andrew. This message is being sent on repeat.,-74,21
2020-03-30 00:37:17,20,+RCV=1,62,Hello my name is Andrew. This message is being sent on repeat.,-72,36
2020-03-30 00:37:41,21,NEW PARAMETERS,Spread Factor: 12, BANDWIDTH: 3, CODING RATE: 4, POWER: 15
2020-03-30 00:38:26,1,+RCV=1,62,Hello my name is Andrew. This message is being sent on repeat.,-72,47
2020-03-30 00:38:56,2,+ERR=12
2020-03-30 00:39:26,3,+RCV=1,62,Hello my name is Andrew. This message is being sent on repeat.,-71,46
2020-03-30 00:40:26,4,+RCV=1,62,Hello my name is Andrew. This message is being sent on repeat.,-72,42
2020-03-30 00:40:56,5,+RCV=1,62,Hello my name is Andrew. This message is being sent on repeat.,-72,47
2020-03-30 00:41:26,6,+ERR=12
2020-03-30 00:42:26,7,+RCV=1,62,Hello my name is Andrew. This message is being sent on repeat.,-72,40
2020-03-30 00:42:56,8,+RCV=1,62,Hello my name is Andrew. This message is being sent on repeat.,-72,39
2020-03-30 00:43:56,9,+RCV=1,62,Hello my name is Andrew. This message is being sent on repeat.,-72,47
2020-03-30 00:44:26,10,+RCV=1,62,Hello my name is Andrew. This message is being sent on repeat.,-72,43
2020-03-30 00:45:26,11,+RCV=1,62,Hello my name is Andrew. This message is being sent on repeat.,-72,38
2020-03-30 00:45:56,12,+ERR=12
2020-03-30 00:46:26,13,+RCV=1,62,Hello my name is Andrew. This message is being sent on repeat.,-72,40
2020-03-30 00:46:56,14,+RCV=1,62,Hello my name is Andrew. This message is being sent on repeat.,-74,42
2020-03-30 00:47:26,15,+RCV=1,62,Hello my name is Andrew. This message is being sent on repeat.,-72,44
2020-03-30 00:47:56,16,+RCV=1,62,Hello my name is Andrew. This message is being sent on repeat.,-72,36
2020-03-30 00:48:01,17,NEW PARAMETERS,Spread Factor: 8, BANDWIDTH: 5, CODING RATE: 4, POWER: 15
2020-03-30 00:48:22,1,+RCV=1,62,Hello my name is Andrew. This message is being sent on repeat.,-71,48
2020-03-30 00:48:52,2,+RCV=1,62,Hello my name is Andrew. This message is being sent on repeat.,-70,47
2020-03-30 00:49:22,3,+RCV=1,62,Hello my name is Andrew. This message is being sent on repeat.,-70,49
2020-03-30 00:50:52,4,+RCV=1,62,Hello my name is Andrew. This message is being sent on repeat.,-70,48
2020-03-30 00:51:22,5,+RCV=1,62,Hello my name is Andrew. This message is being sent on repeat.,-70,48
2020-03-30 00:51:52,6,+RCV=1,62,Hello my name is Andrew. This message is being sent on repeat.,-70,48
2020-03-30 00:52:22,7,+RCV=1,62,Hello my name is Andrew. This message is being sent on repeat.,-70,49
2020-03-30 00:53:22,8,+RCV=1,62,Hello my name is Andrew. This message is being sent on repeat.,-70,49
2020-03-30 00:53:52,9,+RCV=1,62,Hello my name is Andrew. This message is being sent on repeat.,-69,49
2020-03-30 00:54:22,10,+RCV=1,62,Hello my name is Andrew. This message is being sent on repeat.,-69,50
2020-03-30 00:54:52,11,+RCV=1,62,Hello my name is Andrew. This message is being sent on repeat.,-69,49
2020-03-30 00:54:55,12,+RCV=3,62,Hello my name is Andrew. This message is being sent on repeat.,-74,47
2020-03-30 00:55:22,13,+RCV=1,62,Hello my name is Andrew. This message is being sent on repeat.,-69,50
2020-03-30 00:55:52,14,+RCV=1,62,Hello my name is Andrew. This message is being sent on repeat.,-69,50
2020-03-30 00:56:22,15,+RCV=1,62,Hello my name is Andrew. This message is being sent on repeat.,-69,49
2020-03-30 00:56:52,16,+RCV=1,62,Hello my name is Andrew. This message is being sent on repeat.,-69,49
2020-03-30 00:57:22,17,+RCV=1,62,Hello my name is Andrew. This message is being sent on repeat.,-69,50
2020-03-30 00:57:52,18,+RCV=1,62,Hello my name is Andrew. This message is being sent on repeat.,-69,49
2020-03-30 00:58:21,19,NEW PARAMETERS,Spread Factor: 10, BANDWIDTH: 5, CODING RATE: 4, POWER: 15
2020-03-30 00:58:44,1,+RCV=1,62,Hello my name is Andrew. This message is being sent on repeat.,-69,30
2020-03-30 00:59:14,2,+RCV=1,62,Hello my name is Andrew. This message is being sent on repeat.,-69,39
2020-03-30 00:59:44,3,+RCV=1,62,Hello my name is Andrew. This message is being sent on repeat.,-70,39
2020-03-30 01:00:14,4,+RCV=1,62,Hello my name is Andrew. This message is being sent on repeat.,-69,38
2020-03-30 01:00:44,5,+RCV=1,62,Hello my name is Andrew. This message is being sent on repeat.,-68,35
2020-03-30 01:01:14,6,+RCV=1,62,Hello my name is Andrew. This message is being sent on repeat.,-69,45
2020-03-30 01:01:44,7,+RCV=1,62,Hello my name is Andrew. This message is being sent on repeat.,-69,38
2020-03-30 01:02:14,8,+RCV=1,62,Hello my name is Andrew. This message is being sent on repeat.,-69,40
2020-03-30 01:02:44,9,+RCV=1,62,Hello my name is Andrew. This message is being sent on repeat.,-69,39
2020-03-30 01:03:14,10,+RCV=1,62,Hello my name is Andrew. This message is being sent on repeat.,-70,43
2020-03-30 01:03:44,11,+RCV=1,62,Hello my name is Andrew. This message is being sent on repeat.,-70,36
2020-03-30 01:04:14,12,+RCV=1,62,Hello my name is Andrew. This message is being sent on repeat.,-69,38
2020-03-30 01:04:44,13,+RCV=1,62,Hello my name is Andrew. This message is being sent on repeat.,-69,44
2020-03-30 01:05:14,14,+RCV=1,62,Hello my name is Andrew. This message is being sent on repeat.,-69,42
2020-03-30 01:05:44,15,+RCV=1,62,Hello my name is Andrew. This message is being sent on repeat.,-69,40
2020-03-30 01:06:14,16,+RCV=1,62,Hello my name is Andrew. This message is being sent on repeat.,-69,37
2020-03-30 01:06:44,17,+RCV=1,62,Hello my name is Andrew. This message is being sent on repeat.,-69,40
2020-03-30 01:07:14,18,+RCV=1,62,Hello my name is Andrew. This message is being sent on repeat.,-69,38
2020-03-30 01:07:44,19,+RCV=1,62,Hello my name is Andrew. This message is being sent on repeat.,-69,38
2020-03-30 01:08:14,20,+RCV=1,62,Hello my name is Andrew. This message is being sent on repeat.,-68,30
2020-03-30 01:08:41,21,NEW PARAMETERS,Spread Factor: 12, BANDWIDTH: 5, CODING RATE: 4, POWER: 15
2020-03-30 01:09:14,1,+RCV=1,62,Hello my name is Andrew. This message is being sent on repeat.,-68,54
2020-03-30 01:09:44,2,+RCV=1,62,Hello my name is Andrew. This message is being sent on repeat.,-69,53
2020-03-30 01:10:14,3,+RCV=1,62,Hello my name is Andrew. This message is being sent on repeat.,-68,43
2020-03-30 01:10:44,4,+RCV=1,62,Hello my name is Andrew. This message is being sent on repeat.,-68,54
2020-03-30 01:11:14,5,+RCV=1,62,Hello my name is Andrew. This message is being sent on repeat.,-68,49
2020-03-30 01:11:44,6,+RCV=1,62,Hello my name is Andrew. This message is being sent on repeat.,-68,42
2020-03-30 01:12:14,7,+RCV=1,62,Hello my name is Andrew. This message is being sent on repeat.,-68,41
2020-03-30 01:12:44,8,+RCV=1,62,Hello my name is Andrew. This message is being sent on repeat.,-68,40
2020-03-30 01:13:14,9,+RCV=1,62,Hello my name is Andrew. This message is being sent on repeat.,-69,39
2020-03-30 01:13:44,10,+RCV=1,62,Hello my name is Andrew. This message is being sent on repeat.,-69,51
2020-03-30 01:14:14,11,+RCV=1,62,Hello my name is Andrew. This message is being sent on repeat.,-68,43
2020-03-30 01:14:44,12,+RCV=1,62,Hello my name is Andrew. This message is being sent on repeat.,-68,38
2020-03-30 01:15:14,13,+RCV=1,62,Hello my name is Andrew. This message is being sent on repeat.,-68,42
2020-03-30 01:15:44,14,+RCV=1,62,Hello my name is Andrew. This message is being sent on repeat.,-68,41
2020-03-30 01:16:14,15,+RCV=1,62,Hello my name is Andrew. This message is being sent on repeat.,-69,38
2020-03-30 01:16:44,16,+RCV=1,62,Hello my name is Andrew. This message is being sent on repeat.,-68,41
2020-03-30 01:17:14,17,+RCV=1,62,Hello my name is Andrew. This message is being sent on repeat.,-69,43
2020-03-30 01:17:44,18,+RCV=1,62,Hello my name is Andrew. This message is being sent on repeat.,-69,45
2020-03-30 01:18:14,19,+RCV=1,62,Hello my name is Andrew. This message is being sent on repeat.,-68,43
2020-03-30 01:18:44,20,+RCV=1,62,Hello my name is Andrew. This message is being sent on repeat.,-68,40
2020-03-30 01:19:02,21,NEW PARAMETERS,Spread Factor: 8, BANDWIDTH: 7, CODING RATE: 4, POWER: 15
2020-03-30 01:19:21,1,+RCV=1,62,Hello my name is Andrew. This message is being sent on repeat.,-70,47
2020-03-30 01:19:51,2,+RCV=1,62,Hello my name is Andrew. This message is being sent on repeat.,-71,41
2020-03-30 01:20:21,3,+RCV=1,62,Hello my name is Andrew. This message is being sent on repeat.,-70,47
2020-03-30 01:21:21,4,+RCV=1,62,Hello my name is Andrew. This message is being sent on repeat.,-69,50
2020-03-30 01:21:51,5,+RCV=1,62,Hello my name is Andrew. This message is being sent on repeat.,-69,49
2020-03-30 01:22:21,6,+RCV=1,62,Hello my name is Andrew. This message is being sent on repeat.,-70,49
2020-03-30 01:23:21,7,+RCV=1,62,Hello my name is Andrew. This message is being sent on repeat.,-70,48
2020-03-30 01:23:51,8,+RCV=1,62,Hello my name is Andrew. This message is being sent on repeat.,-70,47
2020-03-30 01:24:21,9,+RCV=1,62,Hello my name is Andrew. This message is being sent on repeat.,-69,47
2020-03-30 01:24:51,10,+RCV=1,62,Hello my name is Andrew. This message is being sent on repeat.,-70,48
2020-03-30 01:25:21,11,+RCV=1,62,Hello my name is Andrew. This message is being sent on repeat.,-70,45
2020-03-30 01:25:51,12,+RCV=1,62,Hello my name is Andrew. This message is being sent on repeat.,-70,44
2020-03-30 01:27:21,13,+RCV=1,62,Hello my name is Andrew. This message is being sent on repeat.,-70,42
2020-03-30 01:27:51,14,+RCV=1,62,Hello my name is Andrew. This message is being sent on repeat.,-70,49
2020-03-30 01:28:21,15,+RCV=1,62,Hello my name is Andrew. This message is being sent on repeat.,-70,48
2020-03-30 01:28:51,16,+RCV=1,62,Hello my name is Andrew. This message is being sent on repeat.,-69,48
2020-03-30 01:29:21,17,NEW PARAMETERS,Spread Factor: 10, BANDWIDTH: 7, CODING RATE: 4, POWER: 15
2020-03-30 01:29:42,1,+RCV=1,62,Hello my name is Andrew. This message is being sent on repeat.,-70,41
2020-03-30 01:30:12,2,+RCV=1,62,Hello my name is Andrew. This message is being sent on repeat.,-70,43
2020-03-30 01:30:42,3,+RCV=1,62,Hello my name is Andrew. This message is being sent on repeat.,-69,45
2020-03-30 01:31:12,4,+RCV=1,62,Hello my name is Andrew. This message is being sent on repeat.,-69,47
2020-03-30 01:31:42,5,+RCV=1,62,Hello my name is Andrew. This message is being sent on repeat.,-69,46
2020-03-30 01:32:12,6,+RCV=1,62,Hello my name is Andrew. This message is being sent on repeat.,-69,46
2020-03-30 01:32:42,7,+RCV=1,62,Hello my name is Andrew. This message is being sent on repeat.,-69,45
2020-03-30 01:33:12,8,+RCV=1,62,Hello my name is Andrew. This message is being sent on repeat.,-69,46
2020-03-30 01:33:42,9,+RCV=1,62,Hello my name is Andrew. This message is being sent on repeat.,-69,46
2020-03-30 01:34:12,10,+RCV=1,62,Hello my name is Andrew. This message is being sent on repeat.,-69,45
2020-03-30 01:34:42,11,+RCV=1,62,Hello my name is Andrew. This message is being sent on repeat.,-69,44
2020-03-30 01:35:12,12,+RCV=1,62,Hello my name is Andrew. This message is being sent on repeat.,-70,43
2020-03-30 01:35:42,13,+RCV=1,62,Hello my name is Andrew. This message is being sent on repeat.,-70,42
2020-03-30 01:36:12,14,+RCV=1,62,Hello my name is Andrew. This message is being sent on repeat.,-69,45
2020-03-30 01:36:42,15,+RCV=1,62,Hello my name is Andrew. This message is being sent on repeat.,-69,47
2020-03-30 01:37:12,16,+RCV=1,62,Hello my name is Andrew. This message is being sent on repeat.,-70,40
2020-03-30 01:37:42,17,+RCV=1,62,Hello my name is Andrew. This message is being sent on repeat.,-70,42
2020-03-30 01:38:12,18,+RCV=1,62,Hello my name is Andrew. This message is being sent on repeat.,-70,41
2020-03-30 01:38:42,19,+RCV=1,62,Hello my name is Andrew. This message is being sent on repeat.,-70,43
2020-03-30 01:39:12,20,+RCV=1,62,Hello my name is Andrew. This message is being sent on repeat.,-70,40
2020-03-30 01:39:41,21,NEW PARAMETERS,Spread Factor: 12, BANDWIDTH: 7, CODING RATE: 4, POWER: 15
2020-03-30 01:40:05,1,+RCV=1,62,Hello my name is Andrew. This message is being sent on repeat.,-70,37
2020-03-30 01:40:35,2,+RCV=1,62,Hello my name is Andrew. This message is being sent on repeat.,-69,35
2020-03-30 01:41:05,3,+RCV=1,62,Hello my name is Andrew. This message is being sent on repeat.,-69,35
2020-03-30 01:41:35,4,+RCV=1,62,Hello my name is Andrew. This message is being sent on repeat.,-70,36
2020-03-30 01:42:05,5,+RCV=1,62,Hello my name is Andrew. This message is being sent on repeat.,-69,37
2020-03-30 01:42:35,6,+RCV=1,62,Hello my name is Andrew. This message is being sent on repeat.,-68,35
2020-03-30 01:43:05,7,+RCV=1,62,Hello my name is Andrew. This message is being sent on repeat.,-69,36
2020-03-30 01:43:35,8,+RCV=1,62,Hello my name is Andrew. This message is being sent on repeat.,-69,36
2020-03-30 01:44:05,9,+RCV=1,62,Hello my name is Andrew. This message is being sent on repeat.,-69,35
2020-03-30 01:44:35,10,+RCV=1,62,Hello my name is Andrew. This message is being sent on repeat.,-70,35
2020-03-30 01:45:05,11,+RCV=1,62,Hello my name is Andrew. This message is being sent on repeat.,-69,33
2020-03-30 01:45:35,12,+RCV=1,62,Hello my name is Andrew. This message is being sent on repeat.,-70,36
2020-03-30 01:46:05,13,+RCV=1,62,Hello my name is Andrew. This message is being sent on repeat.,-69,37
2020-03-30 01:46:35,14,+RCV=1,62,Hello my name is Andrew. This message is being sent on repeat.,-69,35
2020-03-30 01:47:05,15,+RCV=1,62,Hello my name is Andrew. This message is being sent on repeat.,-69,36
2020-03-30 01:47:35,16,+RCV=1,62,Hello my name is Andrew. This message is being sent on repeat.,-69,37
2020-03-30 01:48:05,17,+RCV=1,62,Hello my name is Andrew. This message is being sent on repeat.,-70,38
2020-03-30 01:48:35,18,+RCV=1,62,Hello my name is Andrew. This message is being sent on repeat.,-69,34
2020-03-30 01:49:05,19,+RCV=1,62,Hello my name is Andrew. This message is being sent on repeat.,-69,37
2020-03-30 01:49:35,20,+RCV=1,62,Hello my name is Andrew. This message is being sent on repeat.,-69,36
2020-03-30 01:50:01,21,NEW PARAMETERS,Spread Factor: 8, BANDWIDTH: 9, CODING RATE: 4, POWER: 15
2020-03-30 01:59:51,1,+RCV=1,62,Hello my name is Andrew. This message is being sent on repeat.,-70,29
2020-03-30 02:00:21,2,NEW PARAMETERS,Spread Factor: 10, BANDWIDTH: 9, CODING RATE: 4, POWER: 15
2020-03-30 02:10:42,1,NEW PARAMETERS,Spread Factor: 12, BANDWIDTH: 9, CODING RATE: 4, POWER: 15
2020-03-30 02:21:02,1,NEW PARAMETERS,Spread Factor: 8, BANDWIDTH: 3, CODING RATE: 1, POWER: 0
2020-03-30 02:21:52,1,+RCV=1,62,Hello my name is Andrew. This message is being sent on repeat.,-87,48
2020-03-30 02:22:22,2,+RCV=1,62,Hello my name is Andrew. This message is being sent on repeat.,-88,47
2020-03-30 02:22:52,3,+RCV=1,62,Hello my name is Andrew. This message is being sent on repeat.,-88,48
2020-03-30 02:23:22,4,+RCV=1,62,Hello my name is Andrew. This message is being sent on repeat.,-88,48
2020-03-30 02:23:52,5,+RCV=1,62,Hello my name is Andrew. This message is being sent on repeat.,-88,47
2020-03-30 02:24:22,6,+RCV=1,62,Hello my name is Andrew. This message is being sent on repeat.,-87,48
2020-03-30 02:24:26,7,+RCV=3,62,Hello my name is Andrew. This message is being sent on repeat.,-66,40
2020-03-30 02:24:56,8,+RCV=3,62,Hello my name is Andrew. This message is being sent on repeat.,-66,45
2020-03-30 02:25:26,9,+RCV=3,62,Hello my name is Andrew. This message is being sent on repeat.,-66,45
2020-03-30 02:25:52,10,+RCV=1,62,Hello my name is Andrew. This message is being sent on repeat.,-87,45
2020-03-30 02:25:56,11,+RCV=3,62,Hello my name is Andrew. This message is being sent on repeat.,-66,44
2020-03-30 02:26:22,12,+RCV=1,62,Hello my name is Andrew. This message is being sent on repeat.,-87,44
2020-03-30 02:26:26,13,+RCV=3,62,Hello my name is Andrew. This message is being sent on repeat.,-65,44
2020-03-30 02:26:52,14,+RCV=1,62,Hello my name is Andrew. This message is being sent on repeat.,-86,42
2020-03-30 02:26:56,15,+RCV=3,62,Hello my name is Andrew. This message is being sent on repeat.,-65,43
2020-03-30 02:27:22,16,+RCV=1,62,Hello my name is Andrew. This message is being sent on repeat.,-86,42
2020-03-30 02:27:26,17,+RCV=3,62,Hello my name is Andrew. This message is being sent on repeat.,-66,44
2020-03-30 02:27:52,18,+RCV=1,62,Hello my name is Andrew. This message is being sent on repeat.,-86,42
2020-03-30 02:27:56,19,+RCV=3,62,Hello my name is Andrew. This message is being sent on repeat.,-65,44
2020-03-30 02:28:22,20,+RCV=1,62,Hello my name is Andrew. This message is being sent on repeat.,-86,42
2020-03-30 02:28:52,21,+RCV=1,62,Hello my name is Andrew. This message is being sent on repeat.,-86,43
2020-03-30 02:29:26,22,+RCV=3,62,Hello my name is Andrew. This message is being sent on repeat.,-66,44
2020-03-30 02:29:52,23,+RCV=1,62,Hello my name is Andrew. This message is being sent on repeat.,-86,45
2020-03-30 02:29:56,24,+RCV=3,62,Hello my name is Andrew. This message is being sent on repeat.,-66,45
2020-03-30 02:30:22,25,+RCV=1,62,Hello my name is Andrew. This message is being sent on repeat.,-86,42
2020-03-30 02:30:26,26,+RCV=3,62,Hello my name is Andrew. This message is being sent on repeat.,-65,44
2020-03-30 02:30:52,27,+RCV=1,62,Hello my name is Andrew. This message is being sent on repeat.,-86,44
2020-03-30 02:30:56,28,+RCV=3,62,Hello my name is Andrew. This message is being sent on repeat.,-65,43
2020-03-30 02:31:21,29,NEW PARAMETERS,Spread Factor: 10, BANDWIDTH: 3, CODING RATE: 1, POWER: 0
2020-03-30 02:31:45,1,+RCV=1,62,Hello my name is Andrew. This message is being sent on repeat.,-86,40
2020-03-30 02:32:15,2,+RCV=1,62,Hello my name is Andrew. This message is being sent on repeat.,-86,36
2020-03-30 02:32:45,3,+RCV=1,62,Hello my name is Andrew. This message is being sent on repeat.,-86,42
2020-03-30 02:33:15,4,+RCV=1,62,Hello my name is Andrew. This message is being sent on repeat.,-86,32
2020-03-30 02:33:45,5,+RCV=1,62,Hello my name is Andrew. This message is being sent on repeat.,-86,39
2020-03-30 02:34:15,6,+RCV=1,62,Hello my name is Andrew. This message is being sent on repeat.,-86,37
2020-03-30 02:34:45,7,+RCV=1,62,Hello my name is Andrew. This message is being sent on repeat.,-86,37
2020-03-30 02:34:52,8,+ERR=12
2020-03-30 02:35:15,9,+RCV=1,62,Hello my name is Andrew. This message is being sent on repeat.,-86,37
2020-03-30 02:35:45,10,+RCV=1,62,Hello my name is Andrew. This message is being sent on repeat.,-87,51
2020-03-30 02:35:52,11,+ERR=12
2020-03-30 02:36:45,12,+RCV=1,62,Hello my name is Andrew. This message is being sent on repeat.,-86,39
2020-03-30 02:36:52,13,+ERR=12
2020-03-30 02:37:15,14,+RCV=1,62,Hello my name is Andrew. This message is being sent on repeat.,-86,37
2020-03-30 02:37:45,15,+RCV=1,62,Hello my name is Andrew. This message is being sent on repeat.,-86,33
2020-03-30 02:38:15,16,+RCV=1,62,Hello my name is Andrew. This message is being sent on repeat.,-86,45
2020-03-30 02:38:22,17,+ERR=12
2020-03-30 02:38:45,18,+RCV=1,62,Hello my name is Andrew. This message is being sent on repeat.,-86,39
2020-03-30 02:39:15,19,+RCV=1,62,Hello my name is Andrew. This message is being sent on repeat.,-87,46
2020-03-30 02:39:22,20,+ERR=12
2020-03-30 02:39:45,21,+RCV=1,62,Hello my name is Andrew. This message is being sent on repeat.,-86,39
2020-03-30 02:40:15,22,+RCV=1,62,Hello my name is Andrew. This message is being sent on repeat.,-86,35
2020-03-30 02:40:22,23,+ERR=12
2020-03-30 02:40:45,24,+RCV=1,62,Hello my name is Andrew. This message is being sent on repeat.,-86,35
2020-03-30 02:41:15,25,+RCV=1,62,Hello my name is Andrew. This message is being sent on repeat.,-86,39
2020-03-30 02:41:22,26,+ERR=12
2020-03-30 02:41:41,27,NEW PARAMETERS,Spread Factor: 12, BANDWIDTH: 3, CODING RATE: 1, POWER: 0
2020-03-30 02:42:18,1,+RCV=1,62,Hello my name is Andrew. This message is being sent on repeat.,-86,50
2020-03-30 02:42:48,2,+RCV=1,62,Hello my name is Andrew. This message is being sent on repeat.,-86,42
2020-03-30 02:43:18,3,+RCV=1,62,Hello my name is Andrew. This message is being sent on repeat.,-86,44
2020-03-30 02:43:48,4,+RCV=1,62,Hello my name is Andrew. This message is being sent on repeat.,-86,45
2020-03-30 02:44:18,5,+RCV=1,62,Hello my name is Andrew. This message is being sent on repeat.,-85,38
2020-03-30 02:44:48,6,+RCV=1,62,Hello my name is Andrew. This message is being sent on repeat.,-86,44
2020-03-30 02:45:18,7,+RCV=1,62,Hello my name is Andrew. This message is being sent on repeat.,-86,46
2020-03-30 02:45:37,8,+ERR=12
2020-03-30 02:46:18,9,+RCV=1,62,Hello my name is Andrew. This message is being sent on repeat.,-86,49
2020-03-30 02:46:37,10,+ERR=12
2020-03-30 02:47:18,11,+RCV=1,62,Hello my name is Andrew. This message is being sent on repeat.,-86,40
2020-03-30 02:47:48,12,+RCV=1,62,Hello my name is Andrew. This message is being sent on repeat.,-86,38
2020-03-30 02:48:18,13,+RCV=1,62,Hello my name is Andrew. This message is being sent on repeat.,-86,48
2020-03-30 02:48:37,14,+ERR=12
2020-03-30 02:49:18,15,+RCV=1,62,Hello my name is Andrew. This message is being sent on repeat.,-86,38
2020-03-30 02:49:37,16,+ERR=12
2020-03-30 02:50:18,17,+RCV=1,62,Hello my name is Andrew. This message is being sent on repeat.,-86,40
2020-03-30 02:50:37,18,+ERR=12
2020-03-30 02:51:18,19,+RCV=1,62,Hello my name is Andrew. This message is being sent on repeat.,-86,42
2020-03-30 02:51:37,20,+ERR=12
2020-03-30 02:52:01,21,NEW PARAMETERS,Spread Factor: 8, BANDWIDTH: 5, CODING RATE: 1, POWER: 0
2020-03-30 02:52:22,1,+RCV=1,62,Hello my name is Andrew. This message is being sent on repeat.,-84,48
2020-03-30 02:53:22,2,+RCV=1,62,Hello my name is Andrew. This message is being sent on repeat.,-84,47
2020-03-30 02:53:52,3,+RCV=1,62,Hello my name is Andrew. This message is being sent on repeat.,-84,47
2020-03-30 02:54:22,4,+RCV=1,62,Hello my name is Andrew. This message is being sent on repeat.,-84,49
2020-03-30 02:54:52,5,+RCV=1,62,Hello my name is Andrew. This message is being sent on repeat.,-84,47
2020-03-30 02:55:22,6,+RCV=1,62,Hello my name is Andrew. This message is being sent on repeat.,-84,48
2020-03-30 02:55:52,7,+RCV=1,62,Hello my name is Andrew. This message is being sent on repeat.,-84,47
2020-03-30 02:56:22,8,+RCV=1,62,Hello my name is Andrew. This message is being sent on repeat.,-84,47
2020-03-30 02:56:52,9,+RCV=1,62,Hello my name is Andrew. This message is being sent on repeat.,-84,48
2020-03-30 02:57:22,10,+RCV=1,62,Hello my name is Andrew. This message is being sent on repeat.,-83,55
2020-03-30 02:57:52,11,+RCV=1,62,Hello my name is Andrew. This message is being sent on repeat.,-84,46
2020-03-30 02:58:22,12,+RCV=1,62,Hello my name is Andrew. This message is being sent on repeat.,-84,47
2020-03-30 02:58:52,13,+RCV=1,62,Hello my name is Andrew. This message is being sent on repeat.,-84,48
2020-03-30 02:59:22,14,+RCV=1,62,Hello my name is Andrew. This message is being sent on repeat.,-84,47
2020-03-30 02:59:24,15,+RCV=3,62,Hello my name is Andrew. This message is being sent on repeat.,-63,46
2020-03-30 02:59:52,16,+RCV=1,62,Hello my name is Andrew. This message is being sent on repeat.,-85,47
2020-03-30 02:59:54,17,+RCV=3,62,Hello my name is Andrew. This message is being sent on repeat.,-64,46
2020-03-30 03:00:22,18,+RCV=1,62,Hello my name is Andrew. This message is being sent on repeat.,-84,48
2020-03-30 03:00:52,19,+RCV=1,62,Hello my name is Andrew. This message is being sent on repeat.,-84,47
2020-03-30 03:00:54,20,+RCV=3,62,Hello my name is Andrew. This message is being sent on repeat.,-64,48
2020-03-30 03:01:22,21,+RCV=1,62,Hello my name is Andrew. This message is being sent on repeat.,-84,47
2020-03-30 03:01:52,22,+RCV=1,62,Hello my name is Andrew. This message is being sent on repeat.,-84,48
2020-03-30 03:01:54,23,+RCV=3,62,Hello my name is Andrew. This message is being sent on repeat.,-63,46
2020-03-30 03:02:22,24,NEW PARAMETERS,Spread Factor: 10, BANDWIDTH: 5, CODING RATE: 1, POWER: 0
2020-03-30 03:02:43,1,+RCV=1,62,Hello my name is Andrew. This message is being sent on repeat.,-84,43
2020-03-30 03:03:13,2,+RCV=1,62,Hello my name is Andrew. This message is being sent on repeat.,-83,43
2020-03-30 03:03:43,3,+RCV=1,62,Hello my name is Andrew. This message is being sent on repeat.,-84,44
2020-03-30 03:04:13,4,+RCV=1,62,Hello my name is Andrew. This message is being sent on repeat.,-83,45
2020-03-30 03:04:43,5,+RCV=1,62,Hello my name is Andrew. This message is being sent on repeat.,-83,43
2020-03-30 03:05:13,6,+RCV=1,62,Hello my name is Andrew. This message is being sent on repeat.,-83,45
2020-03-30 03:05:43,7,+RCV=1,62,Hello my name is Andrew. This message is being sent on repeat.,-83,43
2020-03-30 03:05:47,8,+RCV=3,62,Hello my name is Andrew. This message is being sent on repeat.,-63,23
2020-03-30 03:06:13,9,+RCV=1,62,Hello my name is Andrew. This message is being sent on repeat.,-83,41
2020-03-30 03:06:17,10,+RCV=3,62,Hello my name is Andrew. This message is being sent on repeat.,-63,28
2020-03-30 03:06:43,11,+RCV=1,62,Hello my name is Andrew. This message is being sent on repeat.,-84,43
2020-03-30 03:07:13,12,+RCV=1,62,Hello my name is Andrew. This message is being sent on repeat.,-83,44
2020-03-30 03:07:43,13,+RCV=1,62,Hello my name is Andrew. This message is being sent on repeat.,-83,45
2020-03-30 03:07:47,14,+RCV=3,62,Hello my name is Andrew. This message is being sent on repeat.,-63,30
2020-03-30 03:08:13,15,+RCV=1,62,Hello my name is Andrew. This message is being sent on repeat.,-83,44
2020-03-30 03:08:17,16,+RCV=3,62,Hello my name is Andrew. This message is being sent on repeat.,-63,26
2020-03-30 03:08:43,17,+RCV=1,62,Hello my name is Andrew. This message is being sent on repeat.,-84,42
2020-03-30 03:08:47,18,+RCV=3,62,Hello my name is Andrew. This message is being sent on repeat.,-63,28
2020-03-30 03:09:13,19,+RCV=1,62,Hello my name is Andrew. This message is being sent on repeat.,-84,44
2020-03-30 03:09:43,20,+RCV=1,62,Hello my name is Andrew. This message is being sent on repeat.,-83,42
2020-03-30 03:09:47,21,+RCV=3,62,Hello my name is Andrew. This message is being sent on repeat.,-63,24
2020-03-30 03:10:13,22,+RCV=1,62,Hello my name is Andrew. This message is being sent on repeat.,-83,44
2020-03-30 03:10:17,23,+RCV=3,62,Hello my name is Andrew. This message is being sent on repeat.,-63,29
2020-03-30 03:10:43,24,+RCV=1,62,Hello my name is Andrew. This message is being sent on repeat.,-83,45
2020-03-30 03:10:47,25,+RCV=3,62,Hello my name is Andrew. This message is being sent on repeat.,-63,30
2020-03-30 03:11:13,26,+RCV=1,62,Hello my name is Andrew. This message is being sent on repeat.,-83,44
2020-03-30 03:11:17,27,+RCV=3,62,Hello my name is Andrew. This message is being sent on repeat.,-63,21
2020-03-30 03:11:43,28,+RCV=1,62,Hello my name is Andrew. This message is being sent on repeat.,-84,42
2020-03-30 03:11:47,29,+RCV=3,62,Hello my name is Andrew. This message is being sent on repeat.,-63,31
2020-03-30 03:12:13,30,+RCV=1,62,Hello my name is Andrew. This message is being sent on repeat.,-83,43
2020-03-30 03:12:17,31,+RCV=3,62,Hello my name is Andrew. This message is being sent on repeat.,-63,28
2020-03-30 03:12:42,32,NEW PARAMETERS,Spread Factor: 12, BANDWIDTH: 5, CODING RATE: 1, POWER: 0
2020-03-30 03:13:09,1,+RCV=1,62,Hello my name is Andrew. This message is being sent on repeat.,-84,31
2020-03-30 03:13:39,2,+RCV=1,62,Hello my name is Andrew. This message is being sent on repeat.,-83,35
2020-03-30 03:14:09,3,+RCV=1,62,Hello my name is Andrew. This message is being sent on repeat.,-83,33
2020-03-30 03:14:39,4,+RCV=1,62,Hello my name is Andrew. This message is being sent on repeat.,-84,31
2020-03-30 03:15:09,5,+RCV=1,62,Hello my name is Andrew. This message is being sent on repeat.,-83,33
2020-03-30 03:15:39,6,+RCV=1,62,Hello my name is Andrew. This message is being sent on repeat.,-83,35
2020-03-30 03:16:09,7,+RCV=1,62,Hello my name is Andrew. This message is being sent on repeat.,-84,34
2020-03-30 03:16:20,8,+ERR=12
2020-03-30 03:16:39,9,+RCV=1,62,Hello my name is Andrew. This message is being sent on repeat.,-83,32
2020-03-30 03:17:09,10,+RCV=1,62,Hello my name is Andrew. This message is being sent on repeat.,-83,33
2020-03-30 03:17:20,11,+ERR=12
2020-03-30 03:17:39,12,+RCV=1,62,Hello my name is Andrew. This message is being sent on repeat.,-83,32
2020-03-30 03:18:09,13,+RCV=1,62,Hello my name is Andrew. This message is being sent on repeat.,-83,33
2020-03-30 03:18:20,14,+ERR=12
2020-03-30 03:18:39,15,+RCV=1,62,Hello my name is Andrew. This message is being sent on repeat.,-83,34
2020-03-30 03:19:10,16,+RCV=1,62,Hello my name is Andrew. This message is being sent on repeat.,-83,32
2020-03-30 03:19:20,17,+ERR=12
2020-03-30 03:19:40,18,+RCV=1,62,Hello my name is Andrew. This message is being sent on repeat.,-83,34
2020-03-30 03:20:10,19,+RCV=1,62,Hello my name is Andrew. This message is being sent on repeat.,-84,32
2020-03-30 03:20:20,20,+ERR=12
2020-03-30 03:20:40,21,+RCV=1,62,Hello my name is Andrew. This message is being sent on repeat.,-83,33
2020-03-30 03:21:10,22,+RCV=1,62,Hello my name is Andrew. This message is being sent on repeat.,-83,31
2020-03-30 03:21:20,23,+ERR=12
2020-03-30 03:21:40,24,+RCV=1,62,Hello my name is Andrew. This message is being sent on repeat.,-83,42
2020-03-30 03:22:10,25,+RCV=1,62,Hello my name is Andrew. This message is being sent on repeat.,-83,36
2020-03-30 03:22:20,26,+ERR=12
2020-03-30 03:22:40,27,+RCV=1,62,Hello my name is Andrew. This message is being sent on repeat.,-83,31
2020-03-30 03:23:02,28,NEW PARAMETERS,Spread Factor: 8, BANDWIDTH: 7, CODING RATE: 1, POWER: 0
2020-03-30 03:23:21,1,+RCV=1,62,Hello my name is Andrew. This message is being sent on repeat.,-84,47
2020-03-30 03:23:51,2,+RCV=1,62,Hello my name is Andrew. This message is being sent on repeat.,-84,45
2020-03-30 03:24:21,3,+RCV=1,62,Hello my name is Andrew. This message is being sent on repeat.,-84,46
2020-03-30 03:24:51,4,+RCV=1,62,Hello my name is Andrew. This message is being sent on repeat.,-84,47
2020-03-30 03:25:21,5,+RCV=1,62,Hello my name is Andrew. This message is being sent on repeat.,-84,48
2020-03-30 03:25:51,6,+ERR=12
2020-03-30 03:26:21,7,+RCV=1,62,Hello my name is Andrew. This message is being sent on repeat.,-84,47
2020-03-30 03:26:51,8,+RCV=1,62,Hello my name is Andrew. This message is being sent on repeat.,-84,48
2020-03-30 03:26:54,9,+RCV=3,62,Hello my name is Andrew. This message is being sent on repeat.,-64,49
2020-03-30 03:27:21,10,+RCV=1,62,Hello my name is Andrew. This message is being sent on repeat.,-84,49
2020-03-30 03:27:24,11,+RCV=3,62,Hello my name is Andrew. This message is being sent on repeat.,-64,48
2020-03-30 03:27:51,12,+RCV=1,62,Hello my name is Andrew. This message is being sent on repeat.,-84,48
2020-03-30 03:27:54,13,+RCV=3,62,Hello my name is Andrew. This message is being sent on repeat.,-63,48
2020-03-30 03:28:21,14,+RCV=1,62,Hello my name is Andrew. This message is being sent on repeat.,-84,47
2020-03-30 03:28:51,15,+RCV=1,62,Hello my name is Andrew. This message is being sent on repeat.,-84,49
2020-03-30 03:29:21,16,+RCV=1,62,Hello my name is Andrew. This message is being sent on repeat.,-85,47
2020-03-30 03:29:51,17,+RCV=1,62,Hello my name is Andrew. This message is being sent on repeat.,-84,46
2020-03-30 03:29:54,18,+RCV=3,62,Hello my name is Andrew. This message is being sent on repeat.,-64,49
2020-03-30 03:30:21,19,+RCV=1,62,Hello my name is Andrew. This message is being sent on repeat.,-85,46
2020-03-30 03:30:24,20,+RCV=3,62,Hello my name is Andrew. This message is being sent on repeat.,-64,49
2020-03-30 03:30:51,21,+RCV=1,62,Hello my name is Andrew. This message is being sent on repeat.,-85,47
2020-03-30 03:30:54,22,+RCV=3,62,Hello my name is Andrew. This message is being sent on repeat.,-64,48
2020-03-30 03:31:21,23,+RCV=1,62,Hello my name is Andrew. This message is being sent on repeat.,-85,45
2020-03-30 03:31:51,24,+RCV=1,62,Hello my name is Andrew. This message is being sent on repeat.,-84,47
2020-03-30 03:31:54,25,+RCV=3,62,Hello my name is Andrew. This message is being sent on repeat.,-64,48
2020-03-30 03:32:21,26,+RCV=1,62,Hello my name is Andrew. This message is being sent on repeat.,-85,48
2020-03-30 03:32:51,27,+RCV=1,62,Hello my name is Andrew. This message is being sent on repeat.,-84,48
2020-03-30 03:33:21,28,NEW PARAMETERS,Spread Factor: 10, BANDWIDTH: 7, CODING RATE: 1, POWER: 0
2020-03-30 03:33:42,1,+RCV=1,62,Hello my name is Andrew. This message is being sent on repeat.,-84,53
2020-03-30 03:34:12,2,+RCV=1,62,Hello my name is Andrew. This message is being sent on repeat.,-84,53
2020-03-30 03:34:42,3,+RCV=1,62,Hello my name is Andrew. This message is being sent on repeat.,-84,54
2020-03-30 03:35:12,4,+RCV=1,62,Hello my name is Andrew. This message is being sent on repeat.,-84,52
2020-03-30 03:35:42,5,+RCV=1,62,Hello my name is Andrew. This message is being sent on repeat.,-83,49
2020-03-30 03:36:42,6,+RCV=1,62,Hello my name is Andrew. This message is being sent on repeat.,-84,56
2020-03-30 03:36:45,7,+RCV=3,62,Hello my name is Andrew. This message is being sent on repeat.,-64,47
2020-03-30 03:37:12,8,+RCV=1,62,Hello my name is Andrew. This message is being sent on repeat.,-84,54
2020-03-30 03:37:15,9,+RCV=3,62,Hello my name is Andrew. This message is being sent on repeat.,-64,47
2020-03-30 03:37:42,10,+RCV=1,62,Hello my name is Andrew. This message is being sent on repeat.,-84,55
2020-03-30 03:37:45,11,+RCV=3,62,Hello my name is Andrew. This message is being sent on repeat.,-63,47
2020-03-30 03:38:12,12,+RCV=1,62,Hello my name is Andrew. This message is being sent on repeat.,-84,52
2020-03-30 03:38:42,13,+RCV=1,62,Hello my name is Andrew. This message is being sent on repeat.,-85,52
2020-03-30 03:38:45,14,+RCV=3,62,Hello my name is Andrew. This message is being sent on repeat.,-64,47
2020-03-30 03:39:12,15,+RCV=1,62,Hello my name is Andrew. This message is being sent on repeat.,-84,54
2020-03-30 03:39:15,16,+RCV=3,62,Hello my name is Andrew. This message is being sent on repeat.,-64,47
2020-03-30 03:39:42,17,+RCV=1,62,Hello my name is Andrew. This message is being sent on repeat.,-84,52
2020-03-30 03:39:45,18,+RCV=3,62,Hello my name is Andrew. This message is being sent on repeat.,-64,47
2020-03-30 03:40:12,19,+RCV=1,62,Hello my name is Andrew. This message is being sent on repeat.,-84,53
2020-03-30 03:40:15,20,+RCV=3,62,Hello my name is Andrew. This message is being sent on repeat.,-64,46
2020-03-30 03:40:42,21,+RCV=1,62,Hello my name is Andrew. This message is being sent on repeat.,-84,55
2020-03-30 03:40:45,22,+RCV=3,62,Hello my name is Andrew. This message is being sent on repeat.,-64,46
2020-03-30 03:41:12,23,+RCV=1,62,Hello my name is Andrew. This message is being sent on repeat.,-85,52
2020-03-30 03:41:15,24,+RCV=3,62,Hello my name is Andrew. This message is being sent on repeat.,-64,48
2020-03-30 03:41:42,25,+RCV=1,62,Hello my name is Andrew. This message is being sent on repeat.,-85,52
2020-03-30 03:41:45,26,+RCV=3,62,Hello my name is Andrew. This message is being sent on repeat.,-64,47
2020-03-30 03:42:12,27,+RCV=1,62,Hello my name is Andrew. This message is being sent on repeat.,-84,53
2020-03-30 03:42:15,28,+RCV=3,62,Hello my name is Andrew. This message is being sent on repeat.,-64,47
2020-03-30 03:42:42,29,+RCV=1,62,Hello my name is Andrew. This message is being sent on repeat.,-84,52
2020-03-30 03:42:45,30,+RCV=3,62,Hello my name is Andrew. This message is being sent on repeat.,-64,48
2020-03-30 03:43:12,31,+RCV=1,62,Hello my name is Andrew. This message is being sent on repeat.,-84,52
2020-03-30 03:43:15,32,+RCV=3,62,Hello my name is Andrew. This message is being sent on repeat.,-64,47
2020-03-30 03:43:41,33,NEW PARAMETERS,Spread Factor: 12, BANDWIDTH: 7, CODING RATE: 1, POWER: 0
2020-03-30 03:44:04,1,+RCV=1,62,Hello my name is Andrew. This message is being sent on repeat.,-83,48
2020-03-30 03:44:34,2,+RCV=1,62,Hello my name is Andrew. This message is being sent on repeat.,-84,50
2020-03-30 03:45:04,3,+RCV=1,62,Hello my name is Andrew. This message is being sent on repeat.,-82,51
2020-03-30 03:45:34,4,+RCV=1,62,Hello my name is Andrew. This message is being sent on repeat.,-82,49
2020-03-30 03:46:04,5,+RCV=1,62,Hello my name is Andrew. This message is being sent on repeat.,-85,49
2020-03-30 03:46:34,6,+RCV=1,62,Hello my name is Andrew. This message is being sent on repeat.,-84,50
2020-03-30 03:47:04,7,+RCV=1,62,Hello my name is Andrew. This message is being sent on repeat.,-84,47
2020-03-30 03:47:09,8,+RCV=3,62,Hello my name is Andrew. This message is being sent on repeat.,-63,33
2020-03-30 03:47:34,9,+RCV=1,62,Hello my name is Andrew. This message is being sent on repeat.,-83,49
2020-03-30 03:47:39,10,+RCV=3,62,Hello my name is Andrew. This message is being sent on repeat.,-63,35
2020-03-30 03:48:04,11,+RCV=1,62,Hello my name is Andrew. This message is being sent on repeat.,-84,45
2020-03-30 03:48:09,12,+RCV=3,62,Hello my name is Andrew. This message is being sent on repeat.,-63,34
2020-03-30 03:48:34,13,+RCV=1,62,Hello my name is Andrew. This message is being sent on repeat.,-84,47
2020-03-30 03:48:39,14,+RCV=3,62,Hello my name is Andrew. This message is being sent on repeat.,-64,33
2020-03-30 03:49:04,15,+RCV=1,62,Hello my name is Andrew. This message is being sent on repeat.,-84,49
2020-03-30 03:49:09,16,+RCV=3,62,Hello my name is Andrew. This message is being sent on repeat.,-63,33
2020-03-30 03:49:34,17,+RCV=1,62,Hello my name is Andrew. This message is being sent on repeat.,-84,48
2020-03-30 03:49:39,18,+RCV=3,62,Hello my name is Andrew. This message is being sent on repeat.,-64,33
2020-03-30 03:50:04,19,+RCV=1,62,Hello my name is Andrew. This message is being sent on repeat.,-84,49
2020-03-30 03:50:34,20,+RCV=1,62,Hello my name is Andrew. This message is being sent on repeat.,-84,49
2020-03-30 03:50:39,21,+RCV=3,62,Hello my name is Andrew. This message is being sent on repeat.,-63,33
2020-03-30 03:51:04,22,+RCV=1,62,Hello my name is Andrew. This message is being sent on repeat.,-84,49
2020-03-30 03:51:09,23,+RCV=3,62,Hello my name is Andrew. This message is being sent on repeat.,-63,33
2020-03-30 03:51:34,24,+RCV=1,62,Hello my name is Andrew. This message is being sent on repeat.,-84,51
2020-03-30 03:51:39,25,+RCV=3,62,Hello my name is Andrew. This message is being sent on repeat.,-63,34
2020-03-30 03:52:04,26,+RCV=1,62,Hello my name is Andrew. This message is being sent on repeat.,-85,50
2020-03-30 03:52:09,27,+RCV=3,62,Hello my name is Andrew. This message is being sent on repeat.,-64,33
2020-03-30 03:52:34,28,+RCV=1,62,Hello my name is Andrew. This message is being sent on repeat.,-84,46
2020-03-30 03:53:04,29,+RCV=1,62,Hello my name is Andrew. This message is being sent on repeat.,-85,48
2020-03-30 03:53:09,30,+RCV=3,62,Hello my name is Andrew. This message is being sent on repeat.,-59,33
2020-03-30 03:53:34,31,+RCV=1,62,Hello my name is Andrew. This message is being sent on repeat.,-84,46
2020-03-30 03:53:39,32,+RCV=3,62,Hello my name is Andrew. This message is being sent on repeat.,-63,32
2020-03-30 03:54:01,33,NEW PARAMETERS,Spread Factor: 8, BANDWIDTH: 9, CODING RATE: 1, POWER: 0
2020-03-30 04:04:22,1,NEW PARAMETERS,Spread Factor: 10, BANDWIDTH: 9, CODING RATE: 1, POWER: 0
2020-03-30 04:14:42,1,NEW PARAMETERS,Spread Factor: 12, BANDWIDTH: 9, CODING RATE: 1, POWER: 0
2020-03-30 04:25:02,1,NEW PARAMETERS,Spread Factor: 8, BANDWIDTH: 3, CODING RATE: 4, POWER: 0
2020-03-30 04:25:23,1,+RCV=1,62,Hello my name is Andrew. This message is being sent on repeat.,-85,44
2020-03-30 04:25:53,2,+RCV=1,62,Hello my name is Andrew. This message is being sent on repeat.,-86,44
2020-03-30 04:26:23,3,+RCV=1,62,Hello my name is Andrew. This message is being sent on repeat.,-86,47
2020-03-30 04:26:53,4,+RCV=1,62,Hello my name is Andrew. This message is being sent on repeat.,-86,48
2020-03-30 04:27:23,5,+RCV=1,62,Hello my name is Andrew. This message is being sent on repeat.,-86,46
2020-03-30 04:27:53,6,+RCV=1,62,Hello my name is Andrew. This message is being sent on repeat.,-86,43
2020-03-30 04:28:23,7,+RCV=1,62,Hello my name is Andrew. This message is being sent on repeat.,-85,45
2020-03-30 04:28:53,8,+RCV=1,62,Hello my name is Andrew. This message is being sent on repeat.,-86,43
2020-03-30 04:28:57,9,+RCV=3,62,Hello my name is Andrew. This message is being sent on repeat.,-65,43
2020-03-30 04:29:23,10,+RCV=1,62,Hello my name is Andrew. This message is being sent on repeat.,-86,43
2020-03-30 04:29:27,11,+RCV=3,62,Hello my name is Andrew. This message is being sent on repeat.,-64,44
2020-03-30 04:30:23,12,+RCV=1,62,Hello my name is Andrew. This message is being sent on repeat.,-85,45
2020-03-30 04:30:27,13,+RCV=3,62,Hello my name is Andrew. This message is being sent on repeat.,-64,43
2020-03-30 04:30:53,14,+RCV=1,62,Hello my name is Andrew. This message is being sent on repeat.,-86,46
2020-03-30 04:31:23,15,+RCV=1,62,Hello my name is Andrew. This message is being sent on repeat.,-85,44
2020-03-30 04:31:27,16,+RCV=3,62,Hello my name is Andrew. This message is being sent on repeat.,-65,45
2020-03-30 04:31:53,17,+RCV=1,62,Hello my name is Andrew. This message is being sent on repeat.,-86,43
2020-03-30 04:32:23,18,+RCV=1,62,Hello my name is Andrew. This message is being sent on repeat.,-85,45
2020-03-30 04:32:27,19,+RCV=3,62,Hello my name is Andrew. This message is being sent on repeat.,-65,41
2020-03-30 04:32:53,20,+RCV=1,62,Hello my name is Andrew. This message is being sent on repeat.,-86,47
2020-03-30 04:32:57,21,+RCV=3,62,Hello my name is Andrew. This message is being sent on repeat.,-65,43
2020-03-30 04:33:23,22,+RCV=1,62,Hello my name is Andrew. This message is being sent on repeat.,-86,44
2020-03-30 04:33:27,23,+RCV=3,62,Hello my name is Andrew. This message is being sent on repeat.,-65,43
2020-03-30 04:33:53,24,+RCV=1,62,Hello my name is Andrew. This message is being sent on repeat.,-85,42
2020-03-30 04:33:57,25,+RCV=3,62,Hello my name is Andrew. This message is being sent on repeat.,-65,43
2020-03-30 04:34:23,26,+RCV=1,62,Hello my name is Andrew. This message is being sent on repeat.,-85,44
2020-03-30 04:34:53,27,+RCV=1,62,Hello my name is Andrew. This message is being sent on repeat.,-86,44
2020-03-30 04:35:21,28,NEW PARAMETERS,Spread Factor: 10, BANDWIDTH: 3, CODING RATE: 4, POWER: 0
2020-03-30 04:35:47,1,+RCV=1,62,Hello my name is Andrew. This message is being sent on repeat.,-86,20
2020-03-30 04:36:17,2,+RCV=1,62,Hello my name is Andrew. This message is being sent on repeat.,-86,26
2020-03-30 04:36:47,3,+RCV=1,62,Hello my name is Andrew. This message is being sent on repeat.,-86,36
2020-03-30 04:37:17,4,+RCV=1,62,Hello my name is Andrew. This message is being sent on repeat.,-86,42
2020-03-30 04:37:47,5,+RCV=1,62,Hello my name is Andrew. This message is being sent on repeat.,-86,35
2020-03-30 04:38:17,6,+RCV=1,62,Hello my name is Andrew. This message is being sent on repeat.,-86,34
2020-03-30 04:38:47,7,+RCV=1,62,Hello my name is Andrew. This message is being sent on repeat.,-86,21
2020-03-30 04:38:56,8,+ERR=12
2020-03-30 04:39:17,9,+RCV=1,62,Hello my name is Andrew. This message is being sent on repeat.,-86,43
2020-03-30 04:39:47,10,+RCV=1,62,Hello my name is Andrew. This message is being sent on repeat.,-85,18
2020-03-30 04:39:56,11,+ERR=12
2020-03-30 04:40:17,12,+RCV=1,62,Hello my name is Andrew. This message is being sent on repeat.,-86,32
2020-03-30 04:40:47,13,+ERR=12
2020-03-30 04:40:56,14,+RCV=3,62,Hello my Name is Andrew. This mÕ£ tk£¼:­¡Îû ßy^ >ð{Ô-Úb1,-138,-80
2020-03-30 04:41:17,15,+RCV=1,62,Hello my name is Andrew. This message is being sent on repeat.,-86,30
2020-03-30 04:41:47,16,+RCV=1,62,Hello my name is Andrew. This message is being sent on repeat.,-86,41
2020-03-30 04:41:56,17,+ERR=12
2020-03-30 04:42:17,18,+RCV=1,62,Hello my name is Andrew. This message is being sent on repeat.,-86,35
2020-03-30 04:42:47,19,+RCV=1,62,Hello my name is Andrew. This message is being sent on repeat.,-86,30
2020-03-30 04:42:56,20,+ERR=12
2020-03-30 04:43:17,21,+RCV=1,62,Hello my name is Andrew. This message is being sent on repeat.,-86,38
2020-03-30 04:43:47,22,+RCV=1,62,Hello my name is Andrew. This message is being sent on repeat.,-86,34
2020-03-30 04:43:56,23,+ERR=12
2020-03-30 04:44:17,24,+RCV=1,62,Hello my name is Andrew. This message is being sent on repeat.,-86,29
2020-03-30 04:44:47,25,+RCV=1,62,Hello my name is Andrew. This message is being sent on repeat.,-86,22
2020-03-30 04:44:56,26,+ERR=12
2020-03-30 04:45:17,27,+RCV=1,62,Hello my name is Andrew. This message is being sent on repeat.,-86,28
2020-03-30 04:45:41,28,NEW PARAMETERS,Spread Factor: 12, BANDWIDTH: 3, CODING RATE: 4, POWER: 0
2020-03-30 04:46:26,1,+RCV=1,62,Hello my name is Andrew. This message is being sent on repeat.,-86,40
2020-03-30 04:47:26,2,+RCV=1,62,Hello my name is Andrew. This message is being sent on repeat.,-86,42
2020-03-30 04:47:56,3,+RCV=1,62,Hello my name is Andrew. This message is being sent on repeat.,-86,40
2020-03-30 04:48:26,4,+RCV=1,62,Hello my name is Andrew. This message is being sent on repeat.,-85,49
2020-03-30 04:48:56,5,+RCV=1,62,Hello my name is Andrew. This message is being sent on repeat.,-85,48
2020-03-30 04:49:26,6,+RCV=1,62,Hello my name is Andrew. This message is being sent on repeat.,-85,42
2020-03-30 04:49:54,7,+ERR=12
2020-03-30 04:50:26,8,+RCV=1,62,Hello my name is Andrew. This message is being sent on repeat.,-86,38
2020-03-30 04:50:54,9,+ERR=12
2020-03-30 04:51:26,10,+RCV=1,62,Hello my name is Andrew. This message is being sent on repeat.,-86,53
2020-03-30 04:52:26,11,+RCV=1,62,Hello my name is Andrew. This message is being sent on repeat.,-86,44
2020-03-30 04:52:54,12,+ERR=12
2020-03-30 04:53:26,13,+RCV=1,62,Hello my name is Andrew. This message is being sent on repeat.,-86,49
2020-03-30 04:53:54,14,+ERR=12
2020-03-30 04:54:26,15,+RCV=1,62,Hello my name is Andrew. This message is being sent on repeat.,-86,47
2020-03-30 04:54:54,16,+ERR=12
2020-03-30 04:55:26,17,+RCV=1,62,Hello my name is Andrew. This message is being sent on repeat.,-86,42
2020-03-30 04:55:54,18,+ERR=12
2020-03-30 04:56:01,19,NEW PARAMETERS,Spread Factor: 8, BANDWIDTH: 5, CODING RATE: 4, POWER: 0
2020-03-30 04:56:22,1,+RCV=1,62,Hello my name is Andrew. This message is being sent on repeat.,-84,48
2020-03-30 04:56:52,2,+RCV=1,62,Hello my name is Andrew. This message is being sent on repeat.,-84,48
2020-03-30 04:57:22,3,+RCV=1,62,Hello my name is Andrew. This message is being sent on repeat.,-83,48
2020-03-30 04:57:52,4,+RCV=1,62,Hello my name is Andrew. This message is being sent on repeat.,-83,50
2020-03-30 04:58:22,5,+RCV=1,62,Hello my name is Andrew. This message is being sent on repeat.,-83,48
2020-03-30 04:58:52,6,+RCV=1,62,Hello my name is Andrew. This message is being sent on repeat.,-84,48
2020-03-30 04:59:22,7,+RCV=1,62,Hello my name is Andrew. This message is being sent on repeat.,-84,47
2020-03-30 04:59:25,8,+RCV=3,62,Hello my name is Andrew. This message is being sent on repeat.,-63,45
2020-03-30 04:59:52,9,+RCV=1,62,Hello my name is Andrew. This message is being sent on repeat.,-84,47
2020-03-30 04:59:55,10,+RCV=3,62,Hello my name is Andrew. This message is being sent on repeat.,-63,45
2020-03-30 05:00:22,11,+RCV=1,62,Hello my name is Andrew. This message is being sent on repeat.,-84,48
2020-03-30 05:00:25,12,+RCV=3,62,Hello my name is Andrew. This message is being sent on repeat.,-63,46
2020-03-30 05:00:52,13,+RCV=1,62,Hello my name is Andrew. This message is being sent on repeat.,-85,45
2020-03-30 05:00:55,14,+RCV=3,62,Hello my name is Andrew. This message is being sent on repeat.,-63,47
2020-03-30 05:01:22,15,+RCV=1,62,Hello my name is Andrew. This message is being sent on repeat.,-84,48
2020-03-30 05:01:52,16,+RCV=1,62,Hello my name is Andrew. This message is being sent on repeat.,-84,46
2020-03-30 05:01:55,17,+RCV=3,62,Hello my name is Andrew. This message is being sent on repeat.,-63,46
2020-03-30 05:02:22,18,+RCV=1,62,Hello my name is Andrew. This message is being sent on repeat.,-85,44
2020-03-30 05:02:25,19,+RCV=3,62,Hello my name is Andrew. This message is being sent on repeat.,-63,47
2020-03-30 05:02:52,20,+RCV=1,62,Hello my name is Andrew. This message is being sent on repeat.,-85,45
2020-03-30 05:03:22,21,+RCV=1,62,Hello my name is Andrew. This message is being sent on repeat.,-85,44
2020-03-30 05:03:52,22,+RCV=1,62,Hello my name is Andrew. This message is being sent on repeat.,-85,46
2020-03-30 05:03:55,23,+RCV=3,62,Hello my name is Andrew. This message is being sent on repeat.,-63,46
2020-03-30 05:04:22,24,+RCV=1,62,Hello my name is Andrew. This message is being sent on repeat.,-84,47
2020-03-30 05:04:25,25,+RCV=3,62,Hello my name is Andrew. This message is being sent on repeat.,-63,46
2020-03-30 05:04:52,26,+RCV=1,62,Hello my name is Andrew. This message is being sent on repeat.,-84,47
2020-03-30 05:04:55,27,+RCV=3,62,Hello my name is Andrew. This message is being sent on repeat.,-63,45
2020-03-30 05:05:22,28,+RCV=1,62,Hello my name is Andrew. This message is being sent on repeat.,-85,45
2020-03-30 05:05:25,29,+RCV=3,62,Hello my name is Andrew. This message is being sent on repeat.,-63,45
2020-03-30 05:06:21,30,NEW PARAMETERS,Spread Factor: 10, BANDWIDTH: 5, CODING RATE: 4, POWER: 0
2020-03-30 05:06:44,1,+RCV=1,62,Hello my name is Andrew. This message is being sent on repeat.,-85,39
2020-03-30 05:07:14,2,+RCV=1,62,Hello my name is Andrew. This message is being sent on repeat.,-85,38
2020-03-30 05:07:44,3,+RCV=1,62,Hello my name is Andrew. This message is being sent on repeat.,-84,38
2020-03-30 05:08:14,4,+RCV=1,62,Hello my name is Andrew. This message is being sent on repeat.,-85,45
2020-03-30 05:08:44,5,+RCV=1,62,Hello my name is Andrew. This message is being sent on repeat.,-85,39
2020-03-30 05:09:14,6,+RCV=1,62,Hello my name is Andrew. This message is being sent on repeat.,-85,40
2020-03-30 05:09:44,7,+RCV=1,62,Hello my name is Andrew. This message is being sent on repeat.,-85,38
2020-03-30 05:09:49,8,+RCV=3,62,Hello my name is Andrew. This message is being sent on repeat.,-63,11
2020-03-30 05:10:14,9,+RCV=1,62,Hello my name is Andrew. This message is being sent on repeat.,-85,39
2020-03-30 05:10:44,10,+RCV=1,62,Hello my name is Andrew. This message is being sent on repeat.,-85,41
2020-03-30 05:11:14,11,+RCV=1,62,Hello my name is Andrew. This message is being sent on repeat.,-85,39
2020-03-30 05:11:19,12,+RCV=3,62,Hello my name is Andrew. This message is being sent on repeat.,-62,13
2020-03-30 05:11:44,13,+RCV=1,62,Hello my name is Andrew. This message is being sent on repeat.,-85,38
2020-03-30 05:11:49,14,+RCV=3,62,Hello my name is Andrew. This message is being sent on repeat.,-63,16
2020-03-30 05:12:14,15,+RCV=1,62,Hello my name is Andrew. This message is being sent on repeat.,-85,40
2020-03-30 05:12:19,16,+RCV=3,62,Hello my name is Andrew. This message is being sent on repeat.,-63,26
2020-03-30 05:12:44,17,+RCV=1,62,Hello my name is Andrew. This message is being sent on repeat.,-85,44
2020-03-30 05:12:49,18,+RCV=3,62,Hello my name is Andrew. This message is being sent on repeat.,-63,23
2020-03-30 05:13:14,19,+RCV=1,62,Hello my name is Andrew. This message is being sent on repeat.,-85,38
2020-03-30 05:13:19,20,+RCV=3,62,Hello my name is Andrew. This message is being sent on repeat.,-63,14
2020-03-30 05:13:44,21,+RCV=1,62,Hello my name is Andrew. This message is being sent on repeat.,-85,39
2020-03-30 05:14:14,22,+RCV=1,62,Hello my name is Andrew. This message is being sent on repeat.,-85,39
2020-03-30 05:14:19,23,+RCV=3,62,Hello my name is Andrew. This message is being sent on repeat.,-63,25
2020-03-30 05:14:44,24,+RCV=1,62,Hello my name is Andrew. This message is being sent on repeat.,-85,40
2020-03-30 05:14:49,25,+RCV=3,62,Hello my name is Andrew. This message is being sent on repeat.,-63,13
2020-03-30 05:15:14,26,+RCV=1,62,Hello my name is Andrew. This message is being sent on repeat.,-84,39
2020-03-30 05:15:19,27,+RCV=3,62,Hello my name is Andrew. This message is being sent on repeat.,-63,14
2020-03-30 05:15:44,28,+RCV=1,62,Hello my name is Andrew. This message is being sent on repeat.,-85,39
2020-03-30 05:16:14,29,+RCV=1,62,Hello my name is Andrew. This message is being sent on repeat.,-85,37
2020-03-30 05:16:19,30,+RCV=3,62,Hello my name is Andrew. This message is being sent on repeat.,-63,15
2020-03-30 05:16:41,31,NEW PARAMETERS,Spread Factor: 12, BANDWIDTH: 5, CODING RATE: 4, POWER: 0
2020-03-30 05:17:14,1,+RCV=1,62,Hello my name is Andrew. This message is being sent on repeat.,-84,40
2020-03-30 05:17:44,2,+RCV=1,62,Hello my name is Andrew. This message is being sent on repeat.,-84,37
2020-03-30 05:18:14,3,+RCV=1,62,Hello my name is Andrew. This message is being sent on repeat.,-84,36
2020-03-30 05:18:44,4,+RCV=1,62,Hello my name is Andrew. This message is being sent on repeat.,-84,36
2020-03-30 05:19:14,5,+RCV=1,62,Hello my name is Andrew. This message is being sent on repeat.,-84,36
2020-03-30 05:19:44,6,+RCV=1,62,Hello my name is Andrew. This message is being sent on repeat.,-84,34
2020-03-30 05:20:14,7,+RCV=1,62,Hello my name is Andrew. This message is being sent on repeat.,-84,42
2020-03-30 05:20:28,8,+ERR=12
2020-03-30 05:20:44,9,+RCV=1,62,Hello my name is Andrew. This message is being sent on repeat.,-84,38
2020-03-30 05:21:14,10,+RCV=1,62,Hello my name is Andrew. This message is being sent on repeat.,-84,36
2020-03-30 05:21:28,11,+ERR=12
2020-03-30 05:21:44,12,+RCV=1,62,Hello my name is Andrew. This message is being sent on repeat.,-84,37
2020-03-30 05:22:14,13,+RCV=1,62,Hello my name is Andrew. This message is being sent on repeat.,-84,35
2020-03-30 05:22:28,14,+ERR=12
2020-03-30 05:22:44,15,+RCV=1,62,Hello my name is Andrew. This message is being sent on repeat.,-83,39
2020-03-30 05:23:14,16,+RCV=1,62,Hello my name is Andrew. This message is being sent on repeat.,-84,36
2020-03-30 05:23:28,17,+ERR=12
2020-03-30 05:23:44,18,+RCV=1,62,Hello my name is Andrew. This message is being sent on repeat.,-84,39
2020-03-30 05:24:14,19,+RCV=1,62,Hello my name is Andrew. This message is being sent on repeat.,-83,35
2020-03-30 05:24:28,20,+ERR=12
2020-03-30 05:24:44,21,+RCV=1,62,Hello my name is Andrew. This message is being sent on repeat.,-83,44
2020-03-30 05:25:14,22,+RCV=1,62,Hello my name is Andrew. This message is being sent on repeat.,-83,38
2020-03-30 05:25:28,23,+ERR=12
2020-03-30 05:25:44,24,+RCV=1,62,Hello my name is Andrew. This message is being sent on repeat.,-84,35
2020-03-30 05:26:14,25,+RCV=1,62,Hello my name is Andrew. This message is being sent on repeat.,-84,37
2020-03-30 05:26:28,26,+ERR=12
2020-03-30 05:26:44,27,+RCV=1,62,Hello my name is Andrew. This message is being sent on repeat.,-83,37
2020-03-30 05:27:01,28,NEW PARAMETERS,Spread Factor: 8, BANDWIDTH: 7, CODING RATE: 4, POWER: 0
2020-03-30 05:27:21,1,+RCV=1,62,Hello my name is Andrew. This message is being sent on repeat.,-84,49
2020-03-30 05:27:51,2,+RCV=1,62,Hello my name is Andrew. This message is being sent on repeat.,-84,48
2020-03-30 05:28:21,3,+RCV=1,62,Hello my name is Andrew. This message is being sent on repeat.,-85,49
2020-03-30 05:28:51,4,+RCV=1,62,Hello my name is Andrew. This message is being sent on repeat.,-84,48
2020-03-30 05:29:21,5,+RCV=1,62,Hello my name is Andrew. This message is being sent on repeat.,-84,47
2020-03-30 05:29:51,6,+RCV=1,62,Hello my name is Andrew. This message is being sent on repeat.,-86,47
2020-03-30 05:30:21,7,+RCV=1,62,Hello my name is Andrew. This message is being sent on repeat.,-84,49
2020-03-30 05:30:51,8,+RCV=1,62,Hello my name is Andrew. This message is being sent on repeat.,-84,47
2020-03-30 05:30:54,9,+RCV=3,62,Hello my name is Andrew. This message is being sent on repeat.,-64,48
2020-03-30 05:31:21,10,+RCV=1,62,Hello my name is Andrew. This message is being sent on repeat.,-84,48
2020-03-30 05:31:24,11,+RCV=3,62,Hello my name is Andrew. This message is being sent on repeat.,-63,48
2020-03-30 05:31:51,12,+RCV=1,62,Hello my name is Andrew. This message is being sent on repeat.,-85,48
2020-03-30 05:31:54,13,+RCV=3,62,Hello my name is Andrew. This message is being sent on repeat.,-63,49
2020-03-30 05:32:21,14,+RCV=1,62,Hello my name is Andrew. This message is being sent on repeat.,-85,48
2020-03-30 05:32:51,15,+RCV=1,62,Hello my name is Andrew. This message is being sent on repeat.,-84,49
2020-03-30 05:32:54,16,+RCV=3,62,Hello my name is Andrew. This message is being sent on repeat.,-63,50
2020-03-30 05:33:21,17,+RCV=1,62,Hello my name is Andrew. This message is being sent on repeat.,-85,48
2020-03-30 05:33:24,18,+RCV=3,62,Hello my name is Andrew. This message is being sent on repeat.,-63,49
2020-03-30 05:33:51,19,+RCV=1,62,Hello my name is Andrew. This message is being sent on repeat.,-86,48
2020-03-30 05:34:21,20,+RCV=1,62,Hello my name is Andrew. This message is being sent on repeat.,-85,50
2020-03-30 05:34:51,21,+RCV=1,62,Hello my name is Andrew. This message is being sent on repeat.,-84,48
2020-03-30 05:34:54,22,+RCV=3,62,Hello my name is Andrew. This message is being sent on repeat.,-63,48
2020-03-30 05:35:21,23,+RCV=1,62,Hello my name is Andrew. This message is being sent on repeat.,-85,48
2020-03-30 05:35:51,24,+RCV=1,62,Hello my name is Andrew. This message is being sent on repeat.,-84,48
2020-03-30 05:35:54,25,+RCV=3,62,Hello my name is Andrew. This message is being sent on repeat.,-63,50
2020-03-30 05:36:21,26,+RCV=1,62,Hello my name is Andrew. This message is being sent on repeat.,-84,48
2020-03-30 05:36:24,27,+RCV=3,62,Hello my name is Andrew. This message is being sent on repeat.,-63,50
2020-03-30 05:36:51,28,+RCV=1,62,Hello my name is Andrew. This message is being sent on repeat.,-84,48
2020-03-30 05:36:54,29,+RCV=3,62,Hello my name is Andrew. This message is being sent on repeat.,-63,49
2020-03-30 05:37:21,30,NEW PARAMETERS,Spread Factor: 10, BANDWIDTH: 7, CODING RATE: 4, POWER: 0
2020-03-30 05:37:42,1,+RCV=1,62,Hello my name is Andrew. This message is being sent on repeat.,-85,50
2020-03-30 05:38:12,2,+RCV=1,62,Hello my name is Andrew. This message is being sent on repeat.,-84,51
2020-03-30 05:38:42,3,+RCV=1,62,Hello my name is Andrew. This message is being sent on repeat.,-83,54
2020-03-30 05:39:12,4,+RCV=1,62,Hello my name is Andrew. This message is being sent on repeat.,-84,55
2020-03-30 05:39:42,5,+RCV=1,62,Hello my name is Andrew. This message is being sent on repeat.,-84,52
2020-03-30 05:40:12,6,+RCV=1,62,Hello my name is Andrew. This message is being sent on repeat.,-84,54
2020-03-30 05:40:45,7,+RCV=3,62,Hello my name is Andrew. This message is being sent on repeat.,-64,46
2020-03-30 05:41:12,8,+RCV=1,62,Hello my name is Andrew. This message is being sent on repeat.,-84,52
2020-03-30 05:41:15,9,+RCV=3,62,Hello my name is Andrew. This message is being sent on repeat.,-63,46
2020-03-30 05:41:42,10,+RCV=1,62,Hello my name is Andrew. This message is being sent on repeat.,-85,52
2020-03-30 05:41:45,11,+RCV=3,62,Hello my name is Andrew. This message is being sent on repeat.,-64,45
2020-03-30 05:42:12,12,+RCV=1,62,Hello my name is Andrew. This message is being sent on repeat.,-84,52
2020-03-30 05:42:15,13,+RCV=3,62,Hello my name is Andrew. This message is being sent on repeat.,-64,45
2020-03-30 05:42:42,14,+RCV=1,62,Hello my name is Andrew. This message is being sent on repeat.,-83,46
2020-03-30 05:42:45,15,+RCV=3,62,Hello my name is Andrew. This message is being sent on repeat.,-63,46
2020-03-30 05:43:12,16,+RCV=1,62,Hello my name is Andrew. This message is being sent on repeat.,-84,52
2020-03-30 05:43:15,17,+RCV=3,62,Hello my name is Andrew. This message is being sent on repeat.,-64,46
2020-03-30 05:43:42,18,+RCV=1,62,Hello my name is Andrew. This message is being sent on repeat.,-84,54
2020-03-30 05:43:45,19,+RCV=3,62,Hello my name is Andrew. This message is being sent on repeat.,-63,45
2020-03-30 05:44:12,20,+RCV=1,62,Hello my name is Andrew. This message is being sent on repeat.,-84,52
2020-03-30 05:44:15,21,+RCV=3,62,Hello my name is Andrew. This message is being sent on repeat.,-64,45
2020-03-30 05:44:42,22,+RCV=1,62,Hello my name is Andrew. This message is being sent on repeat.,-85,51
2020-03-30 05:44:45,23,+RCV=3,62,Hello my name is Andrew. This message is being sent on repeat.,-64,46
2020-03-30 05:45:12,24,+RCV=1,62,Hello my name is Andrew. This message is being sent on repeat.,-85,51
2020-03-30 05:45:15,25,+RCV=3,62,Hello my name is Andrew. This message is being sent on repeat.,-64,45
2020-03-30 05:45:42,26,+RCV=1,62,Hello my name is Andrew. This message is being sent on repeat.,-86,47
2020-03-30 05:45:45,27,+RCV=3,62,Hello my name is Andrew. This message is being sent on repeat.,-63,45
2020-03-30 05:46:12,28,+RCV=1,62,Hello my name is Andrew. This message is being sent on repeat.,-84,51
2020-03-30 05:46:15,29,+RCV=3,62,Hello my name is Andrew. This message is being sent on repeat.,-63,46
2020-03-30 05:46:42,30,+RCV=1,62,Hello my name is Andrew. This message is being sent on repeat.,-85,49
2020-03-30 05:46:45,31,+RCV=3,62,Hello my name is Andrew. This message is being sent on repeat.,-63,46
2020-03-30 05:47:15,32,+RCV=3,62,Hello my name is Andrew. This message is being sent on repeat.,-63,47
2020-03-30 05:47:41,33,NEW PARAMETERS,Spread Factor: 12, BANDWIDTH: 7, CODING RATE: 4, POWER: 0
2020-03-30 05:48:35,1,+RCV=1,62,Hello my name is Andrew. This message is being sent on repeat.,-84,47
2020-03-30 05:49:05,2,+RCV=1,62,Hello my name is Andrew. This message is being sent on repeat.,-84,46
2020-03-30 05:49:35,3,+RCV=1,62,Hello my name is Andrew. This message is being sent on repeat.,-85,47
2020-03-30 05:50:05,4,+RCV=1,62,Hello my name is Andrew. This message is being sent on repeat.,-85,45
2020-03-30 05:50:35,5,+RCV=1,62,Hello my name is Andrew. This message is being sent on repeat.,-85,47
2020-03-30 05:51:05,6,+RCV=1,62,Hello my name is Andrew. This message is being sent on repeat.,-84,48
2020-03-30 05:51:11,7,+ERR=12
2020-03-30 05:51:35,8,+RCV=1,62,Hello my name is Andrew. This message is being sent on repeat.,-84,44
2020-03-30 05:52:05,9,+RCV=1,62,Hello my name is Andrew. This message is being sent on repeat.,-85,49
2020-03-30 05:52:12,10,+ERR=12
2020-03-30 05:52:35,11,+RCV=1,62,Hello my name is Andrew. This message is being sent on repeat.,-84,46
2020-03-30 05:53:05,12,+RCV=1,62,Hello my name is Andrew. This message is being sent on repeat.,-85,45
2020-03-30 05:53:12,13,+ERR=12
2020-03-30 05:53:35,14,+RCV=1,62,Hello my name is Andrew. This message is being sent on repeat.,-84,47
2020-03-30 05:54:05,15,+RCV=1,62,Hello my name is Andrew. This message is being sent on repeat.,-85,45
2020-03-30 05:54:12,16,+ERR=12
2020-03-30 05:54:35,17,+RCV=1,62,Hello my name is Andrew. This message is being sent on repeat.,-80,48
2020-03-30 05:55:05,18,+RCV=1,62,Hello my name is Andrew. This message is being sent on repeat.,-84,49
2020-03-30 05:55:12,19,+ERR=12
2020-03-30 05:55:35,20,+RCV=1,62,Hello my name is Andrew. This message is being sent on repeat.,-84,46
2020-03-30 05:56:05,21,+RCV=1,62,Hello my name is Andrew. This message is being sent on repeat.,-85,50
2020-03-30 05:56:12,22,+ERR=12
2020-03-30 05:56:35,23,+RCV=1,62,Hello my name is Andrew. This message is being sent on repeat.,-83,50
2020-03-30 05:57:05,24,+RCV=1,62,Hello my name is Andrew. This message is being sent on repeat.,-84,48
2020-03-30 05:57:12,25,+ERR=12
2020-03-30 05:57:35,26,+RCV=1,62,Hello my name is Andrew. This message is being sent on repeat.,-84,50
2020-03-30 05:58:01,27,NEW PARAMETERS,Spread Factor: 8, BANDWIDTH: 9, CODING RATE: 4, POWER: 0
2020-03-30 06:08:22,1,NEW PARAMETERS,Spread Factor: 10, BANDWIDTH: 9, CODING RATE: 4, POWER: 0
2020-03-30 06:13:41,1,+RCV=1,62,Hello my name is Andrew. This message is being sent on repeat.,-85,29
2020-03-30 06:18:42,2,NEW PARAMETERS,Spread Factor: 12, BANDWIDTH: 9, CODING RATE: 4, POWER: 0
2020-03-30 06:29:02,1,